bucket_start_epoch,count,error_rate,p50_ms,p95_ms,p99_ms,mean_ms
1785499500,106751,0.0000,5,14,19,6.50
1785499800,247836,0.0000,5,14,19,6.52
1785500100,248780,0.0000,5,14,19,6.49
1785500400,248625,0.0000,5,15,19,6.57
1785500700,247941,0.0000,5,15,30,8.46
1785501000,248009,0.0000,5,14,19,6.44
1785501300,248250,0.0000,5,15,23,7.98
1785501600,248507,0.0000,5,14,19,6.52
1785501900,247676,0.0000,5,15,24,8.37
1785502200,249134,0.0000,5,14,19,6.47
1785502500,247865,0.0000,5,15,22,7.96
1785502800,247825,0.0000,5,14,19,6.49
1785503100,248067,0.0000,5,15,25,8.29
1785503400,248522,0.0000,5,15,19,6.55
1785503700,248220,0.0000,5,15,24,8.55
1785504000,248329,0.0000,5,14,19,6.50
1785504300,248492,0.0000,5,15,21,7.71
1785504600,248043,0.0000,5,14,19,6.49
1785504900,247762,0.0000,5,15,22,7.78
1785505200,248293,0.0000,5,14,19,6.49
1785505500,248320,0.0000,5,15,22,7.90
1785505800,248814,0.0000,5,14,19,6.43
1785506100,248158,0.0000,5,15,22,8.02
1785506400,248724,0.0000,5,14,19,6.50
1785506700,248602,0.0000,5,15,25,8.43
1785507000,249168,0.0000,5,14,19,6.53
1785507300,247472,0.0000,5,15,25,8.52
1785507600,247504,0.0000,5,14,19,6.54
1785507900,248202,0.0000,5,15,27,8.97
1785508200,247784,0.0000,5,14,19,6.55
1785508500,247812,0.0000,5,15,24,8.66
1785508800,249650,0.0000,5,14,19,6.52
1785509100,247852,0.0000,5,15,23,8.24
1785509400,248267,0.0000,5,15,19,6.57
1785509700,248554,0.0000,5,15,22,7.97
1785510000,247610,0.0000,5,15,19,6.73
1785510300,248476,0.0000,5,15,24,8.41
1785510600,248553,0.0000,5,15,25,8.73
1785510900,248594,0.0000,5,15,19,6.59
1785511200,247758,0.0000,5,15,24,8.41
1785511500,248214,0.0000,5,15,19,6.57
1785511800,248075,0.0000,5,15,23,8.19
1785512100,248520,0.0000,5,15,19,6.61
1785512400,247744,0.0000,5,15,23,8.23
1785512700,248923,0.0000,5,15,19,6.66
1785513000,247703,0.0000,5,15,30,9.12
1785513300,248230,0.0000,5,14,19,6.56
1785513600,247667,0.0000,5,15,24,8.48
1785513900,248429,0.0000,5,15,19,6.59
1785514200,248109,0.0000,5,15,23,8.22
1785514500,247916,0.0000,5,15,20,6.66
1785514800,247704,0.0000,5,15,29,9.05
1785515100,248603,0.0000,5,15,19,6.63
1785515400,248544,0.0000,5,15,23,8.18
1785515700,248170,0.0000,5,15,19,6.61
1785516000,248205,0.0000,5,15,28,8.83
1785516300,248186,0.0000,5,15,20,6.71
1785516600,247778,0.0000,5,15,22,7.98
1785516900,248686,0.0000,5,15,19,6.60
1785517200,247939,0.0000,5,15,23,8.05
1785517500,248251,0.0000,5,15,19,6.61
1785517800,247516,0.0000,5,15,23,8.15
1785518100,248644,0.0000,5,15,19,6.68
1785518400,248592,0.0000,5,15,24,8.38
1785518700,248678,0.0000,5,15,19,6.54
1785519000,248109,0.0000,5,15,23,8.40
1785519300,248705,0.0000,5,15,19,6.62
1785519600,248345,0.0000,5,15,23,8.07
1785519900,248282,0.0000,5,15,20,6.65
1785520200,247413,0.0000,5,15,24,8.23
1785520500,248538,0.0000,5,14,19,6.52
1785520800,247704,0.0000,5,15,36,9.60
1785521100,248215,0.0000,5,15,19,6.62
1785521400,247758,0.0000,5,15,26,8.97
1785521700,248787,0.0000,5,15,19,6.66
1785522000,248139,0.0000,5,15,27,8.91
1785522300,247807,0.0000,5,14,19,6.57
1785522600,247782,0.0000,5,15,24,8.37
1785522900,248796,0.0000,5,15,20,6.72
1785523200,248182,0.0000,5,15,25,8.59
1785523500,247785,0.0000,5,15,19,6.61
1785523800,247501,0.0000,5,15,22,8.09
1785524100,247945,0.0000,5,14,19,6.55
1785524400,247975,0.0000,5,15,24,8.59
1785524700,248448,0.0000,5,15,20,6.71
1785525000,247650,0.0000,5,15,26,8.78
1785525300,248252,0.0000,5,15,20,6.64
1785525600,247830,0.0000,5,15,24,8.23
1785525900,248200,0.0000,5,14,19,6.57
1785526200,248067,0.0000,5,15,22,7.90
1785526500,248321,0.0000,5,15,19,6.58
1785526800,247974,0.0000,5,15,25,8.56
1785527100,247826,0.0000,5,15,19,6.56
1785527400,248694,0.0000,5,15,24,8.45
1785527700,248265,0.0000,5,15,21,6.76
1785528000,247898,0.0000,5,15,26,8.82
1785528300,248283,0.0000,5,15,19,6.70
1785528600,248023,0.0000,5,15,24,8.49
1785528900,247666,0.0000,5,14,19,6.55
1785529200,247934,0.0000,5,15,26,8.78
1785529500,247952,0.0000,5,15,21,7.97
1785529800,248490,0.0000,5,15,20,6.78
1785530100,247506,0.0000,5,15,23,8.30
1785530400,248815,0.0000,5,14,19,6.55
1785530700,248680,0.0000,5,15,27,8.76
1785531000,248562,0.0000,5,15,20,6.73
1785531300,249019,0.0000,5,15,22,8.19
1785531600,247809,0.0000,5,15,20,6.67
1785531900,247231,0.0000,5,15,26,8.39
1785532200,248516,0.0000,5,15,19,6.63
1785532500,247853,0.0000,5,15,23,8.11
1785532800,248166,0.0000,5,15,19,6.58
1785533100,247983,0.0000,5,15,26,8.67
1785533400,248434,0.0000,5,15,19,6.58
1785533700,247909,0.0000,5,15,50,9.08
1785534000,247178,0.0000,5,15,48,9.35
1785534300,247673,0.0000,5,16,100,10.14
1785534600,248224,0.0000,5,15,25,8.20
1785534900,248180,0.0000,5,15,24,8.14
1785535200,248314,0.0000,5,15,19,6.62
1785535500,248484,0.0000,5,15,23,8.26
1785535800,248350,0.0000,5,14,19,6.55
1785536100,248556,0.0000,5,15,23,8.25
1785536400,248915,0.0000,5,15,19,6.63
1785536700,247609,0.0000,5,15,23,8.52
1785537000,248536,0.0000,5,15,19,6.56
1785537300,247504,0.0000,5,15,61,9.22
1785537600,248142,0.0000,5,15,24,7.84
1785537900,247468,0.0000,5,16,110,10.29
1785538200,247551,0.0000,5,15,36,8.97
1785538500,248010,0.0000,5,16,119,10.87
1785538800,247214,0.0000,5,15,81,10.54
1785539100,246857,0.0000,5,16,189,12.32
1785539400,247874,0.0000,5,15,81,10.29
1785539700,246107,0.0000,5,19,423,19.68
1785540000,248553,0.0000,5,14,19,6.52
1785540300,246804,0.0000,5,16,144,11.51
1785540600,248118,0.0000,5,15,102,10.62
1785540900,247274,0.0000,5,16,195,12.78
1785541200,247392,0.0000,5,15,111,11.20
1785541500,246940,0.0000,5,16,175,12.67
1785541800,247145,0.0000,5,16,134,11.66
1785542100,246294,0.0000,5,16,297,16.64
1785542400,247913,0.0000,5,16,116,11.36
1785542700,246632,0.0000,5,16,355,18.87
1785543000,246913,0.0000,5,16,281,16.16
1785543300,246299,0.0000,5,17,251,14.85
1785543600,249115,0.0000,5,15,21,6.96
1785543900,247789,0.0000,5,16,40,8.91
1785544200,247809,0.0000,5,15,19,6.77
1785544500,248155,0.0000,5,15,25,8.36
1785544800,248685,0.0000,5,15,20,6.72
1785545100,247557,0.0000,5,15,25,8.60
1785545400,248505,0.0000,5,15,20,6.74
1785545700,248207,0.0000,5,15,24,8.54
1785546000,248129,0.0000,5,14,19,6.55
1785546300,247502,0.0000,5,15,23,8.08
1785546600,248241,0.0000,5,15,19,6.60
1785546900,248375,0.0000,5,15,26,8.52
1785547200,249112,0.0000,5,15,20,6.74
1785547500,247383,0.0000,5,16,108,10.60
1785547800,247865,0.0000,5,15,56,9.72
1785548100,246993,0.0000,5,16,139,11.81
1785548400,247346,0.0000,5,15,119,11.29
1785548700,247265,0.0000,5,16,226,13.76
1785549000,247195,0.0000,5,15,106,10.71
1785549300,247906,0.0000,5,16,201,12.99
1785549600,247133,0.0000,5,16,157,12.87
1785549900,246968,0.0000,5,16,135,11.75
1785550200,248280,0.0000,5,15,20,6.67
1785550500,246815,0.0000,5,16,199,12.97
1785550800,246768,0.0000,5,15,53,9.73
1785551100,248552,0.0000,5,16,169,12.37
1785551400,246030,0.0000,5,16,226,13.57
1785551700,247422,0.0000,5,16,136,11.83
1785552000,246785,0.0000,5,16,228,13.97
1785552300,248241,0.0000,5,16,146,12.43
1785552600,246861,0.0000,5,17,332,17.04
1785552900,247343,0.0000,5,16,214,14.34
1785553200,246505,0.0000,5,16,253,14.32
1785553500,247659,0.0000,5,16,144,11.48
1785553800,246111,0.0000,5,17,364,18.14
1785554100,245433,0.0000,5,16,332,17.51
1785554400,247579,0.0000,5,17,35,8.86
1785554700,247848,0.0000,5,15,19,6.62
1785555000,248096,0.0000,5,15,24,8.55
1785555300,247702,0.0000,5,15,19,6.66
1785555600,247790,0.0000,5,15,22,7.84
1785555900,248558,0.0000,5,15,20,6.61
1785556200,247303,0.0000,5,15,26,8.70
1785556500,247695,0.0000,5,15,20,6.67
1785556800,247277,0.0000,5,15,64,9.59
1785557100,247783,0.0000,5,15,58,10.05
1785557400,247213,0.0000,5,16,120,10.97
1785557700,248534,0.0000,5,15,33,8.60
1785558000,247481,0.0000,5,16,109,10.43
1785558300,247552,0.0000,5,15,56,9.83
1785558600,246772,0.0000,5,16,200,13.14
1785558900,247780,0.0000,5,16,115,11.30
1785559200,247528,0.0000,5,16,211,13.80
1785559500,247570,0.0000,5,16,85,10.36
1785559800,246934,0.0000,5,17,281,15.51
1785560100,246625,0.0000,5,16,230,14.97
1785560400,244258,0.0000,5,17,512,24.00
1785560700,246839,0.0000,5,17,317,16.52
1785561000,247078,0.0000,5,18,255,14.70
1785561300,245629,0.0000,5,16,434,19.66
1785561600,247031,0.0000,5,18,289,15.33
1785561900,246220,0.0000,5,17,327,16.24
1785562200,245274,0.0000,5,17,459,21.32
1785562500,241852,0.0000,5,30,1124,41.01
1785562800,247416,0.0000,5,16,68,9.58
1785563100,246725,0.0000,5,16,161,12.58
1785563400,247652,0.0000,5,16,137,11.30
1785563700,246362,0.0000,5,17,393,18.81
1785564000,244818,0.0000,5,17,732,26.21
1785564300,245217,0.0000,5,17,394,19.58
1785564600,244526,0.0000,5,18,657,26.43
1785564900,246204,0.0000,5,23,401,20.03
1785565200,241800,0.0000,11,94,756,40.30
1785565500,243453,0.0000,8,43,647,30.52
1785565800,247360,0.0000,5,25,199,13.38
1785566100,247393,0.0000,5,18,131,11.09
1785566400,247331,0.0000,5,16,37,8.96
1785566700,248571,0.0000,5,15,21,6.86
1785567000,247452,0.0000,5,16,31,8.74
1785567300,247696,0.0000,5,19,117,10.80
1785567600,247085,0.0000,5,19,202,14.29
1785567900,245366,0.0000,5,17,362,19.89
1785568200,246164,0.0000,5,17,266,16.04
1785568500,246904,0.0000,5,16,202,14.21
1785568800,247068,0.0000,5,17,227,13.77
1785569100,247137,0.0000,5,16,165,12.59
1785569400,245884,0.0000,5,17,385,19.24
1785569700,247456,0.0000,5,16,185,12.83
1785570000,246366,0.0000,5,17,422,20.25
1785570300,246519,0.0000,5,16,184,12.96
1785570600,246928,0.0000,5,17,245,14.24
1785570900,246651,0.0000,5,16,230,14.09
1785571200,245690,0.0000,5,19,368,19.73
1785571500,247486,0.0000,5,17,167,12.10
1785571800,245956,0.0000,5,18,378,19.13
1785572100,247367,0.0000,5,17,213,13.00
1785572400,246472,0.0000,5,18,226,13.90
1785572700,247394,0.0000,5,17,181,12.14
1785573000,245907,0.0000,5,18,353,18.57
1785573300,247294,0.0000,5,17,175,11.82
1785573600,240900,0.0631,5,233,837,45.53
1785573900,245775,0.0000,5,17,337,18.06
1785574200,245371,0.0000,5,18,506,22.96
1785574500,246802,0.0000,5,20,307,15.98
1785574800,244031,0.0000,5,27,679,27.78
1785575100,247639,0.0000,5,15,23,8.23
1785575400,244911,0.0000,5,22,550,26.25
1785575700,245690,0.0000,5,91,453,24.30
1785576000,245365,0.0000,5,86,333,21.13
1785576300,244522,0.0000,5,56,464,25.41
1785576600,244770,0.0000,5,53,379,23.22
1785576900,243059,0.0000,5,37,989,36.95
1785577200,247424,0.0000,5,15,20,6.78
1785577500,242018,0.0000,5,52,966,36.27
1785577800,243771,0.0000,5,31,685,30.06
1785578100,245598,0.0000,5,44,346,19.95
1785578400,244983,0.0000,5,39,538,25.32
1785578700,247326,0.0000,5,17,62,9.21
1785579000,247817,0.0000,5,15,21,6.81
1785579300,247425,0.0000,5,17,137,10.71
1785579600,247236,0.0000,5,17,81,8.96
1785579900,247761,0.0000,5,15,26,8.39
1785580200,244985,0.0000,5,21,626,25.56
1785580500,244961,0.0000,5,21,384,19.53
1785580800,247550,0.0000,5,20,343,17.10
1785581100,245758,0.0000,5,24,356,19.83
1785581400,244561,0.0000,5,33,600,25.49
1785581700,243120,0.0000,5,22,834,32.07
1785582000,248477,0.0000,5,15,19,6.69
1785582300,242842,0.0000,5,30,721,30.47
1785582600,245505,0.0000,5,20,386,21.10
1785582900,245584,0.0000,5,27,393,19.13
1785583200,245572,0.0000,5,21,420,22.32
1785583500,242873,0.0000,5,118,872,36.92
1785583800,244333,0.0000,5,18,753,29.53
1785584100,246849,0.0000,5,17,95,10.11
1785584400,244432,0.0000,5,29,615,26.43
1785584700,246165,0.0000,5,19,268,14.68
1785585000,247847,0.0000,5,16,58,10.27
1785585300,246247,0.0000,5,18,319,17.49
1785585600,247475,0.0000,5,18,232,13.42
1785585900,237203,0.0000,6,290,1444,62.99
1785586200,234935,0.0000,6,408,1473,75.49
1785586500,238393,0.0000,6,253,1334,59.85
1785586800,245533,0.0000,6,25,344,18.36
1785587100,244032,0.0000,6,59,541,25.39
1785587400,245539,0.0000,5,17,340,19.23
1785587700,246993,0.0000,5,18,154,11.24
1785588000,247646,0.0000,5,15,22,6.84
1785588300,248353,0.0000,5,16,29,9.12
1785588600,247851,0.0000,5,15,21,6.70
1785588900,248054,0.0000,5,16,30,8.84
1785589200,248379,0.0000,5,15,20,6.68
1785589500,248055,0.0000,5,16,35,8.47
1785589800,248674,0.0000,5,15,21,6.66
1785590100,248462,0.0000,5,15,23,8.13
1785590400,248381,0.0000,5,15,20,6.56
1785590700,248353,0.0000,5,15,25,8.23
1785591000,248253,0.0000,5,15,22,6.77
1785591300,247641,0.0000,5,15,24,8.32
1785591600,248886,0.0000,5,14,19,6.53
1785591900,247844,0.0000,5,15,25,8.57
1785592200,248002,0.0000,5,14,19,6.45
1785592500,247751,0.0000,5,15,24,8.59
1785592800,247811,0.0000,5,15,21,6.74
1785593100,248082,0.0000,5,15,28,8.90
1785593400,248686,0.0000,5,14,19,6.52
1785593700,248207,0.0000,5,15,24,7.98
1785594000,248524,0.0000,5,15,19,6.53
1785594300,247920,0.0000,5,15,23,8.07
1785594600,248809,0.0000,5,15,23,6.92
1785594900,247912,0.0000,5,15,28,8.78
1785595200,248384,0.0000,5,15,21,6.71
1785595500,248945,0.0000,5,15,27,8.48
1785595800,248423,0.0000,5,15,19,6.52
1785596100,247872,0.0000,5,16,31,8.52
1785596400,248638,0.0000,5,15,20,6.62
1785596700,248361,0.0000,5,16,30,8.75
1785597000,247966,0.0000,5,15,20,6.63
1785597300,247640,0.0000,5,15,24,8.28
1785597600,248590,0.0000,5,14,19,6.51
1785597900,247678,0.0000,5,15,23,8.06
1785598200,248299,0.0000,5,15,20,6.62
1785598500,247012,0.0000,5,15,31,8.98
1785598800,248287,0.0000,5,15,20,6.66
1785599100,247925,0.0000,5,15,26,8.34
1785599400,248389,0.0000,5,15,19,6.61
1785599700,247798,0.0000,5,15,24,7.89
1785600000,248181,0.0000,5,15,20,6.58
1785600300,248002,0.0000,5,15,24,8.32
1785600600,248449,0.0000,5,15,21,6.70
1785600900,248330,0.0000,5,15,23,7.76
1785601200,247774,0.0000,5,15,21,6.69
1785601500,248237,0.0000,5,15,24,8.26
1785601800,248068,0.0000,5,15,21,6.72
1785602100,247926,0.0000,5,15,23,8.15
1785602400,247637,0.0000,5,15,20,6.64
1785602700,248342,0.0000,5,16,28,8.32
1785603000,248092,0.0000,5,15,20,6.63
1785603300,247821,0.0000,5,16,28,8.83
1785603600,248918,0.0000,5,15,24,7.34
1785603900,247528,0.0000,5,16,26,8.62
1785604200,248707,0.0000,5,15,21,6.78
1785604500,247870,0.0000,5,16,31,8.55
1785604800,246738,0.0000,5,15,19,6.79
1785605100,249193,0.0000,5,15,32,9.04
1785605400,247680,0.0000,5,15,25,8.34
1785605700,248449,0.0000,5,15,20,6.58
1785606000,247936,0.0000,5,15,28,8.66
1785606300,248736,0.0000,5,15,20,6.66
1785606600,248205,0.0000,5,15,31,8.71
1785606900,248054,0.0000,5,15,20,6.71
1785607200,248141,0.0000,5,15,27,8.87
1785607500,248478,0.0000,5,15,21,6.67
1785607800,248162,0.0000,5,15,24,8.20
1785608100,248179,0.0000,5,15,20,6.62
1785608400,248030,0.0000,5,15,25,8.23
1785608700,248741,0.0000,5,15,22,6.76
1785609000,247923,0.0000,5,15,25,8.56
1785609300,248575,0.0000,5,15,20,6.57
1785609600,248075,0.0000,5,15,25,8.65
1785609900,248801,0.0000,5,15,20,6.56
1785610200,247823,0.0000,5,15,24,8.20
1785610500,248285,0.0000,5,15,19,6.58
1785610800,248316,0.0000,5,15,23,7.82
1785611100,248186,0.0000,5,15,22,6.74
1785611400,248111,0.0000,5,15,27,8.52
1785611700,247879,0.0000,5,15,20,6.58
1785612000,248094,0.0000,5,15,25,8.24
1785612300,248374,0.0000,5,15,21,6.71
1785612600,248214,0.0000,5,15,26,8.47
1785612900,248165,0.0000,5,15,21,6.72
1785613200,248072,0.0000,5,15,32,9.00
1785613500,247418,0.0000,5,15,20,6.65
1785613800,247892,0.0000,5,16,30,8.23
1785614100,248274,0.0000,5,15,19,6.58
1785614400,248571,0.0000,5,16,37,8.95
1785614700,248136,0.0000,5,15,20,6.68
1785615000,248225,0.0000,5,15,29,8.70
1785615300,248175,0.0000,5,15,20,6.68
1785615600,248198,0.0000,5,15,28,8.85
1785615900,248615,0.0000,5,15,21,6.74
1785616200,247753,0.0000,5,15,25,8.21
1785616500,248717,0.0000,5,15,19,6.58
1785616800,248576,0.0000,5,15,26,8.19
1785617100,248319,0.0000,5,15,22,6.80
1785617400,247702,0.0000,5,15,25,8.56
1785617700,248297,0.0000,5,15,19,6.56
1785618000,247414,0.0000,5,15,33,9.35
1785618300,248526,0.0000,5,15,19,6.53
1785618600,248426,0.0000,5,15,29,8.54
1785618900,248014,0.0000,5,15,19,6.55
1785619200,247702,0.0000,5,15,26,8.83
1785619500,248283,0.0000,5,15,20,6.64
1785619800,247793,0.0000,5,15,26,8.07
1785620100,248028,0.0000,5,15,19,6.53
1785620400,247885,0.0000,5,15,27,8.50
1785620700,248442,0.0000,5,15,19,6.57
1785621000,247821,0.0000,5,15,24,8.12
1785621300,248040,0.0000,5,15,24,7.21
1785621600,247889,0.0000,5,15,96,9.91
1785621900,248367,0.0000,5,15,23,7.62
1785622200,246269,0.0000,5,19,284,15.06
1785622500,247519,0.0000,5,15,30,8.62
1785622800,247140,0.0000,5,16,194,12.07
1785623100,247471,0.0000,5,16,129,10.83
1785623400,247606,0.0000,5,15,25,8.65
1785623700,248252,0.0000,5,15,21,6.79
1785624000,247942,0.0000,5,16,32,8.96
1785624300,248685,0.0000,5,15,21,6.78
1785624600,247312,0.0000,5,15,26,8.36
1785624900,247716,0.0000,5,16,26,8.33
1785625200,248409,0.0000,5,15,20,6.63
1785625500,247136,0.0000,5,16,32,8.61
1785625800,248166,0.0000,5,15,20,6.68
1785626100,247805,0.0000,5,16,29,8.28
1785626400,248153,0.0000,5,15,23,6.87
1785626700,248391,0.0000,5,16,30,8.86
1785627000,247862,0.0000,5,15,20,6.71
1785627300,248590,0.0000,5,16,27,8.30
1785627600,248024,0.0000,5,15,21,6.77
1785627900,248430,0.0000,5,15,24,8.33
1785628200,248091,0.0000,5,15,20,6.72
1785628500,247783,0.0000,5,16,78,9.76
1785628800,248482,0.0000,5,15,21,6.76
1785629100,247234,0.0000,5,16,86,9.88
1785629400,247565,0.0000,5,15,21,6.77
1785629700,247107,0.0000,5,17,111,10.54
1785630000,246309,0.0000,5,16,136,12.69
1785630300,248012,0.0000,5,15,25,8.80
1785630600,248136,0.0000,5,15,19,6.62
1785630900,247860,0.0000,5,15,27,9.00
1785631200,248574,0.0000,5,15,20,6.67
1785631500,247832,0.0000,5,16,161,11.68
1785631800,248406,0.0000,5,15,29,7.85
1785632100,246958,0.0000,5,16,174,12.83
1785632400,246971,0.0000,5,16,114,10.37
1785632700,246900,0.0000,5,17,193,12.51
1785633000,247327,0.0000,5,16,188,12.35
1785633300,245009,0.0000,5,17,452,21.64
1785633600,246945,0.0000,5,17,174,12.13
1785633900,246946,0.0000,5,19,186,12.94
1785634200,248290,0.0000,5,15,21,6.77
1785634500,248268,0.0000,5,17,117,10.70
1785634800,247597,0.0000,5,17,144,10.46
1785635100,248843,0.0000,5,15,26,8.54
1785635400,248428,0.0000,5,16,96,9.49
1785635700,247522,0.0000,5,16,86,9.94
1785636000,247997,0.0000,5,16,32,8.25
1785636300,247847,0.0000,5,16,107,10.28
1785636600,248282,0.0000,5,15,26,8.17
1785636900,247452,0.0000,5,16,85,9.93
1785637200,247705,0.0000,5,16,30,8.34
1785637500,247802,0.0000,5,17,91,10.17
1785637800,247306,0.0000,5,16,31,8.59
1785638100,247593,0.0000,5,16,85,9.98
1785638400,247856,0.0000,5,15,30,8.42
1785638700,247557,0.0000,5,16,84,10.04
1785639000,247817,0.0000,5,16,32,8.44
1785639300,248012,0.0000,5,16,114,10.64
1785639600,248347,0.0000,5,15,19,6.58
1785639900,247415,0.0000,5,17,131,10.98
1785640200,248015,0.0000,5,16,32,8.51
1785640500,247592,0.0000,5,16,134,10.91
1785640800,248069,0.0000,5,16,34,8.74
1785641100,247925,0.0000,5,16,125,10.85
1785641400,247369,0.0000,5,17,38,8.98
1785641700,246749,0.0000,5,17,139,11.38
1785642000,247834,0.0000,5,16,34,8.85
1785642300,247352,0.0000,5,16,129,10.93
1785642600,247834,0.0000,5,17,41,8.98
1785642900,248075,0.0000,5,15,25,8.66
1785643200,247507,0.0000,5,16,43,8.71
1785643500,246427,0.0000,5,17,238,15.26
1785643800,247596,0.0000,5,16,29,7.82
1785644100,247482,0.0000,5,17,211,13.47
1785644400,247202,0.0000,5,16,149,12.63
1785644700,246142,0.0000,5,17,308,17.06
1785645000,247562,0.0000,5,17,220,13.77
1785645300,245517,0.0000,5,17,365,18.78
1785645600,248683,0.0000,5,15,21,6.92
1785645900,246539,0.0000,5,18,355,18.78
1785646200,248133,0.0000,5,18,118,10.53
1785646500,247721,0.0000,5,17,63,9.84
1785646800,247498,0.0000,5,17,83,10.30
1785647100,247669,0.0000,5,17,32,8.27
1785647400,248015,0.0000,5,17,54,9.56
1785647700,246325,0.0000,5,16,278,16.80
1785648000,247560,0.0000,5,17,167,11.45
1785648300,247831,0.0000,5,15,20,6.96
1785648600,247562,0.0000,5,19,226,13.84
1785648900,247577,0.0000,5,16,158,11.56
1785649200,245922,0.0000,5,17,339,18.21
1785649500,247726,0.0000,5,16,118,10.26
1785649800,246530,0.0000,5,17,380,19.61
1785650100,246663,0.0000,5,17,285,17.16
1785650400,248081,0.0000,5,16,33,8.72
1785650700,248898,0.0000,5,15,23,6.88
1785651000,248060,0.0000,5,16,32,8.34
1785651300,249126,0.0000,5,15,22,6.96
1785651600,248027,0.0000,5,16,34,9.22
1785651900,248331,0.0000,5,15,23,6.93
1785652200,248014,0.0000,5,16,30,8.78
1785652500,248774,0.0000,5,15,22,6.92
1785652800,248404,0.0000,5,16,31,8.96
1785653100,247923,0.0000,5,15,23,6.99
1785653400,247821,0.0000,5,16,31,8.47
1785653700,248877,0.0000,5,15,19,6.69
1785654000,247739,0.0000,5,16,31,8.63
1785654300,247999,0.0000,5,16,23,7.05
1785654600,248335,0.0000,5,16,37,9.56
1785654900,247455,0.0000,5,16,44,9.50
1785655200,247975,0.0000,5,17,58,9.68
1785655500,246819,0.0000,5,17,97,11.37
1785655800,247160,0.0000,5,18,201,13.36
1785656100,245009,0.0000,5,19,395,21.25
1785656400,248040,0.0000,5,15,25,8.87
1785656700,247165,0.0000,5,17,153,12.29
1785657000,246932,0.0000,5,19,219,14.22
1785657300,246707,0.0000,5,16,267,16.25
1785657600,244136,0.0000,5,19,642,27.54
1785657900,245266,0.0000,5,17,512,23.13
1785658200,244860,0.0000,5,19,573,25.49
1785658500,248630,0.0000,5,15,20,6.76
1785658800,244716,0.0000,5,20,644,27.10
1785659100,246286,0.0000,5,18,174,12.63
1785659400,244337,0.0000,5,19,711,28.79
1785659700,244821,0.0000,5,19,639,27.52
1785660000,243266,0.0000,5,23,777,30.85
1785660300,248464,0.0000,5,15,20,6.77
1785660600,246041,0.0000,5,18,356,19.49
1785660900,246172,0.0000,5,17,292,17.20
1785661200,241951,0.0000,6,68,903,36.97
1785661500,247964,0.0000,5,16,21,7.03
1785661800,247754,0.0000,5,18,47,9.77
1785662100,248308,0.0000,5,19,42,8.20
1785662400,247408,0.0000,5,16,25,8.40
1785662700,248490,0.0000,5,16,32,8.19
1785663000,245829,0.0000,5,17,266,15.39
1785663300,247841,0.0000,5,17,112,10.45
1785663600,245741,0.0000,5,19,438,21.50
1785663900,246624,0.0000,5,18,197,13.05
1785664200,245839,0.0000,5,17,314,17.12
1785664500,248408,0.0000,5,16,24,8.26
1785664800,246563,0.0000,5,18,309,17.06
1785665100,245307,0.0000,5,17,367,20.23
1785665400,245112,0.0000,5,19,567,25.83
1785665700,243929,0.0000,5,18,720,29.12
1785666000,247921,0.0000,5,16,31,9.20
1785666300,245744,0.0000,5,17,488,23.32
1785666600,245176,0.0000,5,20,492,24.40
1785666900,244019,0.0000,5,19,638,27.77
1785667200,242573,0.0000,5,20,1032,36.67
1785667500,243938,0.0000,5,19,710,28.88
1785667800,245699,0.0000,5,18,316,17.88
1785668100,245978,0.0000,5,22,227,16.24
1785668400,245987,0.0000,5,21,272,16.25
1785668700,245460,0.0000,5,22,315,18.25
1785669000,245950,0.0000,5,24,264,15.95
1785669300,245955,0.0000,5,17,138,11.85
1785669600,247476,0.0000,5,17,267,15.20
1785669900,246920,0.0000,5,18,331,16.91
1785670200,245636,0.0000,5,19,441,20.42
1785670500,245787,0.0000,5,18,496,24.20
1785670800,245905,0.0000,5,18,346,18.02
1785671100,247082,0.0000,5,17,229,13.45
1785671400,243110,0.0000,5,18,804,29.12
1785671700,243911,0.0000,5,20,741,29.12
1785672000,243883,0.0000,5,20,1030,34.04
1785672300,242522,0.0000,5,20,987,35.47
1785672600,242087,0.0000,5,26,1056,38.83
1785672900,243342,0.0000,5,17,683,27.28
1785673200,247083,0.0000,5,16,226,13.98
1785673500,244348,0.0000,5,18,594,25.29
1785673800,228724,0.0000,8,635,1692,110.88
1785674100,242556,0.0000,6,144,640,33.73
1785674400,239745,0.0000,6,190,1138,48.07
1785674700,246631,0.0000,6,22,167,12.46
1785675000,243781,0.0000,6,81,566,28.11
1785675300,241272,0.0000,6,141,916,43.84
1785675600,234761,0.0000,6,313,1853,79.60
1785675900,237838,0.0000,6,42,1869,60.78
1785676200,234318,0.0000,6,288,1997,76.57
1785676500,224137,0.0000,6,875,3172,137.56
1785676800,235406,0.0000,5,133,2101,71.81
1785677100,238733,0.0000,5,37,1672,55.51
1785677400,248303,0.0000,5,16,31,8.62
1785677700,248271,0.0000,5,15,22,6.93
1785678000,248206,0.0000,5,16,26,8.03
1785678300,247853,0.0000,5,15,23,6.92
1785678600,247568,0.0000,5,15,28,8.62
1785678900,248768,0.0000,5,15,21,6.71
1785679200,247838,0.0000,5,15,25,8.39
1785679500,243225,0.0000,5,17,929,32.27
1785679800,248433,0.0000,5,15,26,8.55
1785680100,248106,0.0000,5,15,22,6.79
1785680400,248009,0.0000,5,15,25,8.09
1785680700,248710,0.0000,5,15,20,6.62
1785681000,248551,0.0000,5,15,28,8.68
1785681300,247589,0.0000,5,15,20,6.61
1785681600,247647,0.0000,5,15,26,8.59
1785681900,248315,0.0000,5,15,22,6.84
1785682200,248379,0.0000,5,15,26,8.63
1785682500,248027,0.0000,5,15,20,6.59
1785682800,247709,0.0000,5,15,26,8.53
1785683100,248010,0.0000,5,15,19,6.57
1785683400,248611,0.0000,5,15,24,8.60
1785683700,248086,0.0000,5,16,26,7.19
1785684000,247791,0.0000,5,16,31,8.83
1785684300,248106,0.0000,5,15,21,6.79
1785684600,248422,0.0000,5,16,33,9.21
1785684900,248784,0.0000,5,15,20,6.63
1785685200,247980,0.0000,5,15,24,8.25
1785685500,248056,0.0000,5,15,20,6.60
1785685800,247220,0.0000,5,16,30,8.68
1785686100,248467,0.0000,5,15,21,6.68
1785686400,247814,0.0000,5,15,25,8.38
1785686700,248208,0.0000,5,14,19,6.50
1785687000,248376,0.0000,5,15,24,8.26
1785687300,248212,0.0000,5,15,19,6.58
1785687600,247734,0.0000,5,15,25,8.63
1785687900,248492,0.0000,5,15,23,6.82
1785688200,247516,0.0000,5,15,27,8.39
1785688500,248205,0.0000,5,15,30,8.96
1785688800,247784,0.0000,5,15,19,6.53
1785689100,248340,0.0000,5,15,25,8.05
1785689400,248529,0.0000,5,15,19,6.58
1785689700,247678,0.0000,5,15,24,8.31
1785690000,248778,0.0000,5,15,21,6.65
1785690300,248371,0.0000,5,15,26,8.10
1785690600,248091,0.0000,5,15,20,6.61
1785690900,248119,0.0000,5,15,26,8.57
1785691200,248265,0.0000,5,14,20,6.57
1785691500,248249,0.0000,5,15,25,8.58
1785691800,247901,0.0000,5,15,20,6.62
1785692100,247923,0.0000,5,15,26,8.60
1785692400,248181,0.0000,5,15,22,6.84
1785692700,240941,0.0000,5,18,1215,40.40
1785693000,242103,0.0000,5,18,1111,37.21
1785693300,241962,0.0000,5,20,1164,39.64
1785693600,242704,0.0000,5,18,1099,37.69
1785693900,244589,0.0000,5,17,310,18.64
1785694200,245657,0.0000,5,16,292,26.17
1785694500,247937,0.0000,5,15,25,8.25
1785694800,248293,0.0000,5,15,20,6.70
1785695100,248106,0.0000,5,16,29,8.57
1785695400,248292,0.0000,5,15,20,6.76
1785695700,247941,0.0000,5,15,26,8.59
1785696000,247530,0.0000,5,15,20,6.65
1785696300,247788,0.0000,5,15,23,8.12
1785696600,248210,0.0000,5,15,20,6.65
1785696900,247574,0.0000,5,16,32,8.90
1785697200,248126,0.0000,5,15,20,6.67
1785697500,247457,0.0000,5,16,31,8.88
1785697800,248225,0.0000,5,15,19,6.63
1785698100,247735,0.0000,5,15,29,8.88
1785698400,247847,0.0000,5,15,20,6.58
1785698700,247883,0.0000,5,15,23,8.23
1785699000,249297,0.0000,5,15,20,6.62
1785699300,247511,0.0000,5,15,24,8.59
1785699600,248468,0.0000,5,15,20,6.65
1785699900,248500,0.0000,5,15,24,7.97
1785700200,248776,0.0000,5,15,20,6.65
1785700500,247392,0.0000,5,15,48,9.31
1785700800,244407,0.0000,5,19,707,26.64
1785701100,243323,0.0000,5,22,826,30.41
1785701400,244412,0.0000,5,20,733,26.78
1785701700,243722,0.0000,5,26,793,29.97
1785702000,247763,0.0000,5,16,34,7.55
1785702300,245447,0.0000,5,17,594,22.22
1785702600,245214,0.0000,5,20,570,22.44
1785702900,245055,0.0000,5,22,528,21.59
1785703200,244799,0.0000,5,19,604,23.22
1785703500,244056,0.0000,5,35,692,28.44
1785703800,244698,0.0000,5,21,602,23.58
1785704100,245042,0.0000,5,23,596,24.12
1785704400,248673,0.0000,5,16,30,7.36
1785704700,245019,0.0000,5,18,576,22.71
1785705000,245744,0.0000,5,26,433,20.25
1785705300,245910,0.0000,5,28,303,16.66
1785705600,245772,0.0000,5,25,429,20.17
1785705900,247497,0.0000,5,16,32,8.87
1785706200,247858,0.0000,5,15,21,6.83
1785706500,247619,0.0000,5,15,25,8.56
1785706800,248473,0.0000,5,15,20,6.71
1785707100,248115,0.0000,5,15,23,8.07
1785707400,248145,0.0000,5,15,20,6.70
1785707700,248069,0.0000,5,15,25,8.34
1785708000,248387,0.0000,5,15,20,6.63
1785708300,247846,0.0000,5,15,26,8.30
1785708600,248781,0.0000,5,15,19,6.59
1785708900,248943,0.0000,5,15,26,8.69
1785709200,248843,0.0000,5,15,22,6.92
1785709500,247799,0.0000,5,15,27,8.44
1785709800,247244,0.0000,5,16,47,8.45
1785710100,247979,0.0000,5,15,30,8.69
1785710400,247568,0.0000,5,15,19,6.55
1785710700,247846,0.0000,5,15,27,8.50
1785711000,248435,0.0000,5,15,19,6.57
1785711300,247918,0.0000,5,15,24,8.07
1785711600,247222,0.0000,5,16,204,13.86
1785711900,246599,0.0000,5,16,205,13.26
1785712200,246361,0.0000,5,16,248,15.43
1785712500,245274,0.0000,5,33,496,22.65
1785712800,249223,0.0000,5,15,20,6.72
1785713100,245466,0.0000,5,24,372,18.52
1785713400,246143,0.0000,5,20,389,18.33
1785713700,246432,0.0000,5,23,286,15.98
1785714000,245936,0.0000,5,20,368,17.58
1785714300,246919,0.0000,5,20,300,15.95
1785714600,246658,0.0000,5,20,264,14.72
1785714900,246249,0.0000,5,22,266,14.96
1785715200,248336,0.0000,5,16,27,7.75
1785715500,245500,0.0000,5,18,501,21.01
1785715800,246070,0.0000,5,21,353,17.50
1785716100,245722,0.0000,5,22,367,18.30
1785716400,245292,0.0000,5,20,354,18.16
1785716700,246281,0.0000,5,23,541,22.54
1785717000,244741,0.0000,5,23,516,22.71
1785717300,245441,0.0000,5,22,497,21.55
1785717600,247674,0.0000,5,16,26,8.62
1785717900,244984,0.0000,5,23,506,21.63
1785718200,246545,0.0000,5,24,353,18.18
1785718500,245820,0.0000,5,20,433,19.34
1785718800,245441,0.0000,5,33,465,21.62
1785719100,244965,0.0000,5,36,449,20.96
1785719400,245976,0.0000,5,36,372,19.05
1785719700,247714,0.0000,5,17,105,10.36
1785720000,246118,0.0000,5,18,302,15.36
1785720300,246376,0.0000,5,24,330,16.87
1785720600,245746,0.0000,5,44,386,20.06
1785720900,247285,0.0000,5,16,90,10.92
1785721200,248244,0.0000,5,15,26,8.61
1785721500,248260,0.0000,5,15,20,6.68
1785721800,247972,0.0000,5,16,39,9.02
1785722100,248159,0.0000,5,15,23,7.62
1785722400,248379,0.0000,5,15,28,8.75
1785722700,248172,0.0000,5,15,21,6.91
1785723000,248154,0.0000,5,16,111,10.29
1785723300,247819,0.0000,5,17,100,10.04
1785723600,246928,0.0000,5,17,211,12.76
1785723900,245006,0.0000,5,16,422,21.82
1785724200,245875,0.0000,5,18,327,17.57
1785724500,247216,0.0000,5,17,226,13.99
1785724800,245834,0.0000,5,17,332,18.07
1785725100,245534,0.0000,5,16,430,21.11
1785725400,245576,0.0000,5,17,344,18.04
1785725700,246332,0.0000,5,16,152,11.19
1785726000,244123,0.0000,5,17,548,25.38
1785726300,245271,0.0000,5,17,474,22.89
1785726600,246286,0.0000,5,18,295,15.92
1785726900,247166,0.0000,5,17,154,11.44
1785727200,245342,0.0000,5,28,424,20.79
1785727500,244878,0.0000,5,21,517,23.66
1785727800,247798,0.0000,5,16,32,8.79
1785728100,248302,0.0000,5,18,119,10.71
1785728400,247162,0.0000,5,19,178,12.67
1785728700,248169,0.0000,5,18,128,10.90
1785729000,246836,0.0000,5,20,219,13.43
1785729300,247156,0.0000,5,21,220,14.27
1785729600,247332,0.0000,5,21,196,12.77
1785729900,248301,0.0000,5,15,23,6.93
1785730200,246421,0.0000,5,30,323,18.17
1785730500,247822,0.0000,5,17,52,8.77
1785730800,247805,0.0000,5,20,145,11.75
1785731100,247497,0.0000,5,18,83,9.60
1785731400,246835,0.0000,5,25,197,13.73
1785731700,247454,0.0000,5,18,121,10.44
1785732000,246966,0.0000,5,19,160,12.09
1785732300,248679,0.0000,5,15,19,6.68
1785732600,248460,0.0000,5,18,127,11.12
1785732900,248087,0.0000,5,18,97,9.92
1785733200,246383,0.0000,5,21,247,14.61
1785733500,247617,0.0000,5,18,133,10.92
1785733800,247496,0.0000,5,20,175,12.67
1785734100,247443,0.0000,5,19,99,10.21
1785734400,246760,0.0000,5,21,162,12.40
1785734700,247741,0.0000,5,15,20,6.84
1785735000,246927,0.0000,5,20,181,13.12
1785735300,247890,0.0000,5,20,84,9.68
1785735600,246417,0.0000,5,29,218,14.59
1785735900,247523,0.0000,5,27,176,12.90
1785736200,245688,0.0000,5,31,305,18.15
1785736500,248065,0.0000,5,16,72,10.58
1785736800,247116,0.0000,5,21,133,11.97
1785737100,245551,0.0000,6,24,508,22.15
1785737400,245324,0.0000,6,55,377,21.05
1785737700,241949,0.0000,6,143,1011,42.74
1785738000,243849,0.0000,6,105,625,30.23
1785738300,248279,0.0000,5,15,21,6.99
1785738600,244465,0.0000,6,75,512,24.99
1785738900,242511,0.0000,6,120,950,39.66
1785739200,244998,0.0000,5,20,508,24.64
1785739500,244270,0.0000,5,17,626,26.66
1785739800,244528,0.0000,5,18,510,23.70
1785740100,247019,0.0000,5,17,192,12.62
1785740400,244962,0.0000,5,20,428,21.50
1785740700,246579,0.0000,5,18,276,15.98
1785741000,246513,0.0000,5,19,353,18.23
1785741300,245621,0.0000,5,17,417,20.06
1785741600,244726,0.0000,5,17,661,26.95
1785741900,246144,0.0000,5,17,310,17.46
1785742200,245173,0.0000,5,19,543,24.83
1785742500,244554,0.0000,5,66,528,26.84
1785742800,242685,0.0000,5,64,912,36.98
1785743100,241767,0.0000,5,17,1107,35.98
1785743400,243076,0.0000,5,19,959,34.69
1785743700,248124,0.0000,5,16,55,8.87
1785744000,245546,0.0000,5,39,470,21.54
1785744300,238692,0.0000,5,200,1418,56.44
1785744600,248027,0.0000,5,15,28,8.62
1785744900,245362,0.0000,5,16,251,16.46
1785745200,247368,0.0000,5,17,82,10.18
1785745500,246115,0.0000,5,19,265,17.19
1785745800,247373,0.0000,5,17,82,9.52
1785746100,247668,0.0000,5,17,72,8.83
1785746400,247897,0.0000,5,18,130,10.96
1785746700,247667,0.0000,5,17,87,9.21
1785747000,247616,0.0000,5,18,124,10.78
1785747300,247844,0.0000,5,16,24,7.05
1785747600,247396,0.0000,5,17,120,10.44
1785747900,247381,0.0000,5,18,74,9.11
1785748200,247339,0.0000,5,22,159,12.10
1785748500,246537,0.0000,5,19,303,15.36
1785748800,247013,0.0000,5,24,155,12.17
1785749100,246246,0.0000,5,22,218,15.49
1785749400,246829,0.0000,5,16,33,8.46
1785749700,246815,0.0000,5,18,192,13.93
1785750000,246263,0.0000,5,23,297,17.40
1785750300,246761,0.0000,5,30,257,16.10
1785750600,244733,0.0000,5,74,504,26.52
1785750900,245527,0.0000,5,32,344,19.69
1785751200,247591,0.0000,5,17,34,8.71
1785751500,245516,0.0000,5,35,406,20.87
1785751800,244844,0.0000,5,23,360,20.68
1785752100,245439,0.0000,6,57,408,22.11
1785752400,242551,0.0000,6,31,864,33.82
1785752700,245746,0.0000,5,30,441,21.19
1785753000,246901,0.0000,5,16,53,8.20
1785753300,245807,0.0000,5,35,362,21.26
1785753600,243592,0.0000,5,28,712,30.11
1785753900,241767,0.0000,5,34,1043,37.77
1785754200,245608,0.0000,5,29,367,21.92
1785754500,247358,0.0000,5,16,40,8.90
1785754800,246036,0.0000,5,35,286,16.66
1785755100,242556,0.0000,5,39,697,33.18
1785755400,243065,0.0000,5,49,851,32.76
1785755700,242633,0.0000,6,40,1000,36.23
1785756000,246642,0.0000,5,18,233,15.82
1785756300,246527,0.0000,5,23,281,16.52
1785756600,243196,0.0000,5,25,834,31.12
1785756900,242330,0.0000,5,29,1153,38.80
1785757200,242774,0.0000,6,38,839,32.80
1785757500,245343,0.0000,5,23,399,19.91
1785757800,247858,0.0000,5,17,114,11.03
1785758100,243358,0.0000,6,38,663,29.05
1785758400,242073,0.0000,5,25,1153,37.88
1785758700,229280,0.0000,6,715,2082,107.48
1785759000,247962,0.0000,5,16,27,8.33
1785759300,231182,0.0000,6,593,1867,94.41
1785759600,231220,0.0000,6,623,1769,95.92
1785759900,235776,0.0000,6,364,1637,70.34
1785760200,243699,0.0000,5,22,874,32.70
1785760500,232814,0.0000,6,576,1666,88.33
1785760800,230768,0.0000,6,650,1886,98.85
1785761100,241755,0.0000,5,20,926,33.09
1785761400,230488,0.0000,6,678,1937,103.96
1785761700,242637,0.0000,5,25,880,33.57
1785762000,237136,0.0000,6,296,1363,63.30
1785762300,241720,0.0000,6,165,814,39.66
1785762600,243627,0.0000,6,82,600,30.30
1785762900,243162,0.0000,6,48,671,31.71
1785763200,246959,0.0000,5,21,215,13.99
1785763500,246628,0.0000,5,20,234,14.20
1785763800,247042,0.0000,5,21,202,13.63
1785764100,246620,0.0000,5,20,203,13.10
1785764400,243346,0.0000,5,20,810,29.74
1785764700,243986,0.0000,5,29,686,27.77
1785765000,237973,0.0053,6,37,445,61.76
1785765300,242788,0.0000,6,26,792,30.11
1785765600,245959,0.0000,6,21,381,18.81
1785765900,246800,0.0000,6,23,253,16.25
1785766200,247730,0.0000,5,16,28,9.07
1785766500,248545,0.0000,5,15,21,6.95
1785766800,247853,0.0000,6,17,30,9.35
1785767100,247913,0.0000,5,16,21,7.21
1785767400,248166,0.0000,6,16,32,9.67
1785767700,248757,0.0000,6,16,22,7.30
1785768000,248511,0.0000,5,16,26,8.58
1785768300,248281,0.0000,5,15,21,6.87
1785768600,248159,0.0000,5,15,24,8.23
1785768900,248050,0.0000,5,15,20,6.87
1785769200,248006,0.0000,6,17,34,9.58
1785769500,248661,0.0000,5,16,21,7.20
1785769800,248237,0.0000,5,16,25,8.56
1785770100,248199,0.0000,5,15,21,7.13
1785770400,247554,0.0000,5,16,31,9.28
1785770700,248886,0.0000,5,15,20,6.93
1785771000,248233,0.0000,5,16,31,8.90
1785771300,248336,0.0000,5,15,20,6.88
1785771600,247689,0.0000,5,15,26,8.52
1785771900,248038,0.0000,5,15,21,6.89
1785772200,247917,0.0000,5,15,27,9.08
1785772500,247962,0.0000,5,15,20,7.09
1785772800,248343,0.0000,5,16,32,8.96
1785773100,248033,0.0000,5,18,116,10.83
1785773400,246956,0.0000,6,18,218,13.72
1785773700,246762,0.0000,6,21,201,13.53
1785774000,248587,0.0000,6,16,22,7.32
1785774300,247435,0.0000,5,16,29,9.12
1785774600,248045,0.0000,6,16,22,7.45
1785774900,247583,0.0000,5,16,26,9.08
1785775200,247480,0.0000,6,16,23,7.45
1785775500,247662,0.0000,6,16,29,9.00
1785775800,247637,0.0000,5,15,20,6.97
1785776100,247481,0.0000,5,16,25,8.49
1785776400,248474,0.0000,5,16,21,7.18
1785776700,247741,0.0000,6,16,29,9.00
1785777000,248384,0.0000,5,15,20,7.08
1785777300,247371,0.0000,6,17,32,9.04
1785777600,248342,0.0000,6,16,22,7.39
1785777900,247486,0.0000,5,16,28,8.95
1785778200,248184,0.0000,5,15,20,6.93
1785778500,247763,0.0000,5,16,28,9.11
1785778800,248938,0.0000,6,16,21,7.26
1785779100,248575,0.0000,6,16,28,9.18
1785779400,248312,0.0000,5,16,23,7.32
1785779700,247521,0.0000,5,16,27,8.97
1785780000,248142,0.0000,6,16,22,7.54
1785780300,247873,0.0000,6,16,29,9.15
1785780600,247895,0.0000,5,15,20,6.99
1785780900,248057,0.0000,6,16,25,8.60
1785781200,247882,0.0000,6,16,23,7.77
1785781500,248000,0.0000,6,18,35,9.88
1785781800,247126,0.0000,6,18,167,12.06
1785782100,247453,0.0000,5,18,209,12.83
1785782400,248078,0.0000,5,15,20,6.71
1785782700,245190,0.0000,5,18,573,22.11
1785783000,245027,0.0000,5,17,471,19.05
1785783300,245633,0.0000,5,18,514,20.71
1785783600,248769,0.0000,5,15,21,6.80
1785783900,247935,0.0000,5,15,26,8.84
1785784200,248748,0.0000,5,15,21,6.81
1785784500,247866,0.0000,5,15,31,9.03
1785784800,248157,0.0000,5,15,19,6.67
1785785100,247736,0.0000,5,15,28,8.41
1785785400,248511,0.0000,5,15,20,6.69
1785785700,248578,0.0000,5,15,26,8.47
1785786000,248347,0.0000,5,15,19,6.57
1785786300,248448,0.0000,5,15,25,8.23
1785786600,248928,0.0000,5,15,19,6.60
1785786900,247462,0.0000,5,16,31,9.07
1785787200,248855,0.0000,5,15,20,6.70
1785787500,247983,0.0000,5,15,23,8.08
1785787800,248414,0.0000,5,15,20,6.65
1785788100,246961,0.0000,5,15,28,8.80
1785788400,248389,0.0000,5,15,20,6.75
1785788700,248175,0.0000,5,15,23,7.90
1785789000,248217,0.0000,5,15,20,6.66
1785789300,247345,0.0000,5,15,25,8.76
1785789600,248281,0.0000,5,16,32,7.79
1785789900,246755,0.0000,5,18,196,12.46
1785790200,248379,0.0000,5,17,112,9.81
1785790500,246832,0.0000,5,19,188,12.48
1785790800,248681,0.0000,5,15,20,6.83
1785791100,247605,0.0000,5,18,251,13.77
1785791400,246995,0.0000,5,18,143,10.60
1785791700,247332,0.0000,5,22,188,12.64
1785792000,247657,0.0000,5,17,138,10.76
1785792300,247390,0.0000,5,20,226,13.45
1785792600,247130,0.0000,5,18,111,9.82
1785792900,247291,0.0000,5,18,168,11.93
1785793200,248205,0.0000,5,17,115,10.20
1785793500,247845,0.0000,5,16,29,8.68
1785793800,247128,0.0000,5,17,138,10.52
1785794100,245678,0.0000,5,22,352,17.47
1785794400,246233,0.0000,5,19,348,16.95
1785794700,246656,0.0000,5,18,200,12.63
1785795000,246453,0.0000,5,19,248,14.24
1785795300,247448,0.0000,5,18,135,11.11
1785795600,246630,0.0000,5,21,272,15.04
1785795900,247804,0.0000,5,15,21,6.82
1785796200,248294,0.0000,5,15,25,8.59
1785796500,248893,0.0000,5,15,20,6.77
1785796800,247849,0.0000,5,15,28,8.99
1785797100,248267,0.0000,5,15,19,6.61
1785797400,248024,0.0000,5,15,24,8.16
1785797700,248960,0.0000,5,15,21,6.89
1785798000,247837,0.0000,5,16,30,9.08
1785798300,248244,0.0000,5,15,20,6.72
1785798600,247737,0.0000,5,15,27,8.53
1785798900,248289,0.0000,5,15,21,6.80
1785799200,247966,0.0000,5,15,25,8.36
1785799500,248767,0.0000,5,15,20,6.68
1785799800,247829,0.0000,5,16,27,8.09
1785800100,248427,0.0000,5,15,19,6.65
1785800400,248418,0.0000,5,15,32,9.39
1785800700,247910,0.0000,5,15,21,6.81
1785801000,247455,0.0000,5,16,163,11.49
1785801300,246828,0.0000,5,16,173,13.44
1785801600,246707,0.0000,5,18,305,16.16
1785801900,247576,0.0000,5,17,122,10.49
1785802200,246472,0.0000,5,19,306,15.69
1785802500,247319,0.0000,5,17,127,10.46
1785802800,246521,0.0000,5,18,237,13.64
1785803100,247205,0.0000,5,16,164,11.45
1785803400,246580,0.0000,5,17,230,13.07
1785803700,247461,0.0000,5,17,156,11.33
1785804000,247853,0.0000,5,15,24,8.24
1785804300,247193,0.0000,5,16,86,9.19
1785804600,248284,0.0000,5,17,118,10.64
1785804900,248536,0.0000,5,16,27,7.37
1785805200,248070,0.0000,5,16,45,9.24
1785805500,247426,0.0000,5,16,30,7.49
1785805800,248625,0.0000,5,17,50,9.38
1785806100,248102,0.0000,5,16,26,7.33
1785806400,247570,0.0000,5,17,97,10.51
1785806700,248524,0.0000,5,15,20,6.82
1785807000,247926,0.0000,5,17,83,9.70
1785807300,248018,0.0000,5,17,38,7.80
1785807600,247900,0.0000,5,17,58,9.56
1785807900,248148,0.0000,5,16,25,7.21
1785808200,247909,0.0000,5,17,48,9.60
1785808500,247483,0.0000,5,16,27,7.34
1785808800,246861,0.0000,5,18,242,14.12
1785809100,246871,0.0000,5,18,137,12.14
1785809400,248153,0.0000,5,17,52,9.14
1785809700,247971,0.0000,5,16,66,10.38
1785810000,246794,0.0000,5,20,231,14.82
1785810300,246776,0.0000,5,18,216,14.60
1785810600,246851,0.0000,5,19,199,13.79
1785810900,247064,0.0000,5,18,169,13.01
1785811200,247408,0.0000,5,16,31,9.14
1785811500,248695,0.0000,5,15,20,6.73
1785811800,247788,0.0000,5,16,34,8.56
1785812100,248118,0.0000,5,15,19,6.68
1785812400,248228,0.0000,5,16,117,10.55
1785812700,248899,0.0000,5,16,35,7.97
1785813000,245972,0.0000,5,17,323,17.92
1785813300,247572,0.0000,5,16,101,10.84
1785813600,247241,0.0000,5,17,179,13.07
1785813900,246748,0.0000,5,16,118,11.69
1785814200,245205,0.0000,5,17,354,19.07
1785814500,245836,0.0000,5,16,347,19.08
1785814800,244322,0.0000,5,17,417,21.14
1785815100,245849,0.0000,5,16,403,20.59
1785815400,245472,0.0000,5,16,109,12.35
1785815700,247306,0.0000,5,17,205,19.81
1785816000,244790,0.0000,5,19,592,25.18
1785816300,247834,0.0000,5,16,49,8.95
1785816600,243851,0.0000,5,19,821,30.80
1785816900,245616,0.0000,5,19,335,17.44
1785817200,243459,0.0000,5,21,731,28.58
1785817500,244604,0.0000,5,19,504,23.27
1785817800,248600,0.0000,5,22,87,11.11
1785818100,247968,0.0000,5,17,34,7.60
1785818400,247024,0.0000,5,19,182,13.80
1785818700,248081,0.0000,5,17,50,8.89
1785819000,248595,0.0000,5,16,25,7.24
1785819300,248076,0.0000,5,16,38,9.22
1785819600,247924,0.0000,5,15,22,6.86
1785819900,248565,0.0000,5,16,37,8.46
1785820200,247833,0.0000,5,16,28,7.33
1785820500,247835,0.0000,5,16,47,9.00
1785820800,248386,0.0000,5,16,30,7.35
1785821100,247845,0.0000,5,17,43,8.99
1785821400,248045,0.0000,5,16,26,7.25
1785821700,248263,0.0000,5,17,52,9.62
1785822000,248543,0.0000,5,15,20,6.71
1785822300,247721,0.0000,5,16,46,8.99
1785822600,248153,0.0000,5,16,29,7.40
1785822900,247881,0.0000,5,17,42,8.79
1785823200,248223,0.0000,5,16,28,7.31
1785823500,247536,0.0000,5,18,64,9.63
1785823800,248258,0.0000,5,17,33,7.61
1785824100,248270,0.0000,5,18,53,9.39
1785824400,248800,0.0000,5,15,20,6.75
1785824700,247518,0.0000,5,20,103,10.75
1785825000,247870,0.0000,5,18,81,9.93
1785825300,246663,0.0000,5,21,356,18.88
1785825600,246863,0.0000,5,21,269,15.37
1785825900,246611,0.0000,5,21,309,17.66
1785826200,248988,0.0000,5,15,21,6.83
1785826500,245970,0.0000,5,31,318,17.65
1785826800,237415,0.0000,6,200,1608,60.34
1785827100,238244,0.0000,6,168,1623,58.42
1785827400,240602,0.0000,6,158,1109,47.15
1785827700,248002,0.0000,5,15,24,8.61
1785828000,239273,0.0000,6,213,1198,51.59
1785828300,238551,0.0000,6,200,1460,57.84
1785828600,242071,0.0000,6,148,965,42.45
1785828900,243684,0.0000,5,22,618,26.94
1785829200,241413,0.0000,5,79,1073,41.99
1785829500,241245,0.0000,6,97,1146,44.28
1785829800,246835,0.0000,5,21,198,14.38
1785830100,240927,0.0000,5,117,1206,44.93
1785830400,246247,0.0000,5,16,362,20.62
1785830700,245038,0.0000,5,44,481,25.19
1785831000,246350,0.0000,5,15,23,9.59
1785831300,246171,0.0000,5,22,536,23.95
1785831600,244142,0.0000,5,18,614,26.26
1785831900,242699,0.0000,5,19,1150,38.09
1785832200,247195,0.0000,5,19,279,14.96
1785832500,240381,0.0000,5,173,1116,47.98
1785832800,247719,0.0000,5,15,20,6.78
1785833100,247815,0.0000,5,16,98,10.18
1785833400,245978,0.0000,5,18,338,18.30
1785833700,247811,0.0000,5,16,95,10.14
1785834000,245016,0.0000,5,17,567,22.35
1785834300,242555,0.0000,5,18,921,33.50
1785834600,244511,0.0000,5,18,597,26.41
1785834900,240213,0.0000,5,132,1210,48.94
1785835200,247021,0.0000,5,18,162,11.62
1785835500,246329,0.0000,5,19,306,15.92
1785835800,246845,0.0000,5,17,240,14.48
1785836100,247163,0.0000,5,18,227,13.40
1785836400,243829,0.0000,5,19,707,28.56
1785836700,244142,0.0000,5,60,559,25.73
1785837000,245651,0.0000,5,47,254,15.69
1785837300,247424,0.0000,5,17,215,13.04
1785837600,246051,0.0000,5,24,333,16.88
1785837900,244336,0.0000,5,64,481,24.49
1785838200,244866,0.0000,6,61,445,22.84
1785838500,243980,0.0000,6,100,606,29.05
1785838800,245747,0.0000,5,19,369,20.03
1785839100,245633,0.0000,5,19,497,21.92
1785839400,241414,0.0000,6,111,1121,44.17
1785839700,243057,0.0000,6,88,637,29.46
1785840000,243510,0.0000,5,49,793,30.74
1785840300,247168,0.0000,5,29,162,13.61
1785840600,244151,0.0000,5,26,597,25.11
1785840900,244340,0.0000,6,82,498,28.02
1785841200,245695,0.0000,6,72,298,19.60
1785841500,244112,0.0000,6,74,519,27.11
1785841800,248094,0.0000,5,21,75,9.21
1785842100,242758,0.0000,5,69,822,35.49
1785842400,244505,0.0000,6,96,482,26.41
1785842700,243357,0.0000,6,74,608,29.22
1785843000,244424,0.0000,6,56,626,29.61
1785843300,247810,0.0000,5,15,23,8.40
1785843600,242141,0.0000,6,105,775,36.76
1785843900,243114,0.0000,6,107,596,31.31
1785844200,244008,0.0000,6,73,535,26.10
1785844500,241830,0.0000,5,64,1043,38.87
1785844800,248108,0.0000,5,16,82,9.83
1785845100,243620,0.0000,6,108,578,29.39
1785845400,244800,0.0000,6,73,416,23.38
1785845700,243480,0.0000,6,79,526,28.48
1785846000,248604,0.0000,5,15,20,7.01
1785846300,243615,0.0000,6,130,526,29.61
1785846600,243330,0.0000,6,135,651,32.46
1785846900,242834,0.0000,6,161,609,33.84
1785847200,247603,0.0000,5,22,91,10.05
1785847500,243166,0.0000,5,21,1021,36.55
1785847800,242305,0.0000,6,78,820,34.95
1785848100,244469,0.0000,6,84,414,24.63
1785848400,244238,0.0000,6,55,588,26.75
1785848700,247406,0.0000,5,17,77,9.73
1785849000,241958,0.0000,6,76,912,37.68
1785849300,239504,0.0000,6,250,1143,52.98
1785849600,242719,0.0000,6,50,654,31.48
1785849900,244645,0.0000,5,19,688,26.55
1785850200,236831,0.0000,6,329,1361,65.61
1785850500,237773,0.0000,6,226,1431,59.34
1785850800,245105,0.0000,5,19,666,25.36
1785851100,235636,0.0000,6,392,1364,71.60
1785851400,241525,0.0000,6,216,873,44.40
1785851700,238506,0.0000,9,350,981,61.35
1785852000,247421,0.0000,6,23,98,10.64
1785852300,228445,0.0000,7,588,2374,112.91
1785852600,227490,0.0000,6,663,2438,119.65
1785852900,220005,0.0001,6,1034,3142,160.28
1785853200,233943,0.0000,6,307,1879,75.40
1785853500,238088,0.0000,5,78,2044,67.45
1785853800,229848,0.0000,6,653,2132,104.74
1785854100,244148,0.0000,5,21,888,30.57
1785854400,247197,0.0000,5,16,30,9.03
1785854700,248098,0.0000,5,15,21,6.88
1785855000,247495,0.0000,5,16,29,8.82
1785855300,248364,0.0000,5,16,23,7.02
1785855600,248395,0.0000,5,16,28,8.79
1785855900,248151,0.0000,5,16,30,9.06
1785856200,247701,0.0000,5,15,20,6.80
1785856500,248144,0.0000,5,15,27,8.52
1785856800,248833,0.0000,5,15,21,6.84
1785857100,247552,0.0000,5,16,32,9.15
1785857400,248286,0.0000,5,15,20,6.66
1785857700,247972,0.0000,5,15,24,8.20
1785858000,248574,0.0000,5,15,20,6.73
1785858300,248334,0.0000,5,15,25,8.32
1785858600,247997,0.0000,5,15,22,6.80
1785858900,248413,0.0000,5,16,28,8.32
1785859200,248435,0.0000,5,16,22,7.18
1785859500,247732,0.0000,5,16,31,9.06
1785859800,248091,0.0000,5,16,21,7.16
1785860100,247776,0.0000,5,16,28,8.73
1785860400,248284,0.0000,5,16,24,7.32
1785860700,248634,0.0000,6,16,26,8.63
1785861000,247782,0.0000,6,17,27,7.70
1785861300,247385,0.0000,5,17,34,9.08
1785861600,248107,0.0000,6,16,21,7.25
1785861900,247524,0.0000,5,16,28,8.98
1785862200,248697,0.0000,5,16,21,7.18
1785862500,248378,0.0000,5,16,31,9.20
1785862800,248795,0.0000,5,15,21,6.85
1785863100,247809,0.0000,5,15,23,8.06
1785863400,248172,0.0000,5,15,20,6.71
1785863700,247973,0.0000,5,15,30,9.01
1785864000,247377,0.0000,5,15,20,6.66
1785864300,247848,0.0000,5,15,27,8.45
1785864600,248296,0.0000,5,15,20,6.71
1785864900,247772,0.0000,5,15,26,8.05
1785865200,248163,0.0000,5,15,20,6.72
1785865500,248573,0.0000,5,15,25,8.47
1785865800,248879,0.0000,5,15,20,6.65
1785866100,248203,0.0000,5,15,32,9.27
1785866400,248579,0.0000,5,15,20,6.72
1785866700,248283,0.0000,5,15,25,7.96
1785867000,248165,0.0000,5,15,21,6.82
1785867300,247284,0.0000,5,15,24,8.20
1785867600,248455,0.0000,5,15,20,6.71
1785867900,248019,0.0000,5,15,29,8.97
1785868200,248035,0.0000,5,15,20,6.70
1785868500,246794,0.0000,5,15,24,8.15
1785868800,248123,0.0000,5,15,21,6.93
1785869100,247236,0.0000,5,16,150,11.40
1785869400,248086,0.0000,5,15,20,6.72
1785869700,247622,0.0000,5,16,47,9.26
1785870000,248132,0.0000,5,15,23,7.35
1785870300,247535,0.0000,5,16,41,8.90
1785870600,248368,0.0000,5,15,20,6.76
1785870900,248355,0.0000,5,15,26,8.55
1785871200,248331,0.0000,5,15,20,6.65
1785871500,247930,0.0000,5,15,30,8.97
1785871800,247409,0.0000,5,15,21,6.72
1785872100,247765,0.0000,5,15,28,8.64
1785872400,248243,0.0000,5,15,20,6.64
1785872700,248111,0.0000,5,15,27,8.59
1785873000,248208,0.0000,5,14,19,6.57
1785873300,247318,0.0000,5,15,25,8.29
1785873600,248387,0.0000,5,15,20,6.79
1785873900,247260,0.0000,5,16,28,8.52
1785874200,247995,0.0000,5,15,21,6.87
1785874500,248315,0.0000,5,15,26,8.36
1785874800,248561,0.0000,5,15,20,6.76
1785875100,248133,0.0000,5,15,27,8.76
1785875400,248175,0.0000,5,15,21,6.83
1785875700,247979,0.0000,5,15,29,8.98
1785876000,247928,0.0000,5,16,28,8.71
1785876300,248905,0.0000,5,15,20,6.84
1785876600,247697,0.0000,5,17,90,10.56
1785876900,246953,0.0000,5,16,36,9.09
1785877200,247432,0.0000,5,17,111,11.12
1785877500,248186,0.0000,5,15,20,6.78
1785877800,246950,0.0000,5,17,177,12.40
1785878100,248104,0.0000,5,16,50,9.60
1785878400,247371,0.0000,5,17,120,10.86
1785878700,247743,0.0000,5,16,49,9.25
1785879000,247341,0.0000,5,17,111,10.54
1785879300,248000,0.0000,5,17,54,9.17
1785879600,247741,0.0000,5,17,133,11.06
1785879900,248169,0.0000,5,16,50,9.24
1785880200,247497,0.0000,5,17,126,10.92
1785880500,248211,0.0000,5,15,21,6.83
1785880800,247562,0.0000,5,18,148,11.97
1785881100,245588,0.0000,5,18,360,18.64
1785881400,246464,0.0000,6,19,318,16.82
1785881700,246698,0.0000,5,18,219,13.76
1785882000,246188,0.0000,6,22,322,16.79
1785882300,248203,0.0000,5,16,21,7.24
1785882600,248252,0.0000,6,17,27,8.78
1785882900,247946,0.0000,5,16,21,7.25
1785883200,247585,0.0000,6,16,26,9.07
1785883500,248320,0.0000,6,16,22,7.42
1785883800,247896,0.0000,6,17,31,9.17
1785884100,247538,0.0000,5,16,21,7.17
1785884400,248401,0.0000,5,16,28,8.77
1785884700,247940,0.0000,5,15,20,6.66
1785885000,247708,0.0000,5,15,23,8.03
1785885300,248950,0.0000,5,15,22,6.85
1785885600,247649,0.0000,5,15,30,8.77
1785885900,248851,0.0000,5,15,19,6.61
1785886200,247657,0.0000,5,15,29,8.79
1785886500,248520,0.0000,5,15,19,6.63
1785886800,247369,0.0000,5,16,141,11.25
1785887100,247381,0.0000,5,16,180,14.08
1785887400,245161,0.0000,5,17,397,20.92
1785887700,247540,0.0000,5,16,64,8.72
1785888000,246742,0.0000,5,17,228,14.56
1785888300,245272,0.0000,5,16,404,20.49
1785888600,246109,0.0000,5,19,335,16.46
1785888900,248581,0.0000,5,16,23,7.08
1785889200,248263,0.0000,5,18,174,11.94
1785889500,247522,0.0000,5,17,77,8.80
1785889800,248492,0.0000,5,17,121,10.71
1785890100,248471,0.0000,5,17,66,8.71
1785890400,247802,0.0000,5,17,113,10.28
1785890700,247804,0.0000,5,16,29,7.38
1785891000,248009,0.0000,5,17,69,9.30
1785891300,248556,0.0000,5,17,59,8.76
1785891600,248126,0.0000,5,17,69,9.84
1785891900,248378,0.0000,5,16,28,7.69
1785892200,247793,0.0000,5,18,100,10.31
1785892500,247288,0.0000,5,17,63,8.64
1785892800,247304,0.0000,5,17,96,10.01
1785893100,248207,0.0000,5,17,53,8.56
1785893400,247962,0.0000,5,17,79,9.73
1785893700,248321,0.0000,5,16,48,8.11
1785894000,247038,0.0000,5,17,83,9.68
1785894300,248372,0.0000,5,17,63,8.95
1785894600,247330,0.0000,5,15,25,8.57
1785894900,247915,0.0000,5,17,73,8.82
1785895200,247603,0.0000,5,18,63,9.47
1785895500,244308,0.0000,5,55,536,25.01
1785895800,244565,0.0000,5,64,495,23.93
1785896100,245170,0.0000,5,29,331,17.97
1785896400,246761,0.0000,5,17,167,12.81
1785896700,248336,0.0000,5,15,24,7.45
1785897000,248261,0.0000,5,16,42,9.23
1785897300,248202,0.0000,5,16,72,10.03
1785897600,246630,0.0000,5,18,298,15.50
1785897900,247919,0.0000,5,16,92,9.77
1785898200,245125,0.0000,5,30,580,23.93
1785898500,247135,0.0000,5,15,21,7.75
1785898800,249482,0.0000,5,15,24,7.75
1785899100,248113,0.0000,5,16,33,8.88
1785899400,247082,0.0000,5,16,185,13.10
1785899700,247188,0.0000,5,16,39,8.74
1785900000,247064,0.0000,5,16,220,13.90
1785900300,246859,0.0000,5,17,185,12.35
1785900600,245109,0.0000,5,17,393,20.46
1785900900,244392,0.0000,5,17,554,24.82
1785901200,247315,0.0000,5,16,223,13.89
1785901500,244411,0.0000,5,17,625,26.26
1785901800,244767,0.0000,5,16,488,23.52
1785902100,244329,0.0000,5,17,554,24.33
1785902400,246745,0.0000,5,16,245,14.71
1785902700,246949,0.0000,5,20,311,16.05
1785903000,245429,0.0000,5,30,402,19.41
1785903300,245614,0.0000,5,34,421,20.42
1785903600,246687,0.0000,5,22,305,15.87
1785903900,246021,0.0000,5,24,352,17.89
1785904200,245518,0.0000,5,22,420,19.44
1785904500,247697,0.0000,5,16,33,9.53
1785904800,245233,0.0000,5,23,444,20.04
1785905100,245273,0.0000,5,44,518,23.77
1785905400,245782,0.0000,5,22,400,18.51
1785905700,245915,0.0000,5,30,449,20.92
1785906000,245685,0.0000,5,22,400,18.78
1785906300,245785,0.0000,5,39,423,20.97
1785906600,247977,0.0000,5,15,22,7.26
1785906900,244889,0.0000,5,51,436,21.20
1785907200,244738,0.0000,5,65,529,24.66
1785907500,245367,0.0000,5,55,392,20.57
1785907800,246857,0.0000,5,34,268,15.51
1785908100,244693,0.0000,5,61,406,21.65
1785908400,247143,0.0000,5,18,217,13.82
1785908700,245474,0.0000,5,30,306,16.57
1785909000,244524,0.0000,5,67,502,24.86
1785909300,243674,0.0000,5,58,520,27.60
1785909600,245112,0.0000,5,97,538,27.04
1785909900,240078,0.0000,5,172,1002,46.25
1785910200,247969,0.0000,5,16,27,7.31
1785910500,246058,0.0000,5,30,291,16.37
1785910800,246501,0.0000,5,21,239,14.00
1785911100,246183,0.0000,5,28,281,15.78
1785911400,246429,0.0000,5,25,226,13.88
1785911700,247031,0.0000,5,26,190,13.88
1785912000,247673,0.0000,5,23,181,12.41
1785912300,247527,0.0000,5,17,86,10.01
1785912600,246848,0.0000,5,20,182,12.54
1785912900,246451,0.0000,5,47,284,17.18
1785913200,247068,0.0000,5,35,207,14.71
1785913500,243418,0.0000,6,80,766,33.45
1785913800,247942,0.0000,5,20,98,9.74
1785914100,247705,0.0000,5,23,197,12.99
1785914400,247788,0.0000,5,16,31,7.55
1785914700,244259,0.0000,5,20,650,28.65
1785915000,243350,0.0000,5,30,763,30.86
1785915300,246594,0.0000,5,17,177,12.09
1785915600,247653,0.0000,5,17,206,13.06
1785915900,245382,0.0000,5,17,560,25.06
1785916200,246428,0.0000,5,17,289,16.10
1785916500,247239,0.0000,5,17,111,10.46
1785916800,247214,0.0000,5,22,144,11.35
1785917100,247669,0.0000,5,16,25,8.37
1785917400,248044,0.0000,5,17,32,7.88
1785917700,248467,0.0000,5,18,109,10.83
1785918000,248922,0.0000,5,15,20,6.78
1785918300,247535,0.0000,5,17,72,9.66
1785918600,247283,0.0000,5,17,59,8.91
1785918900,246844,0.0000,5,19,166,12.16
1785919200,247069,0.0000,5,17,137,12.35
1785919500,245906,0.0000,5,19,434,20.53
1785919800,246836,0.0000,5,18,167,12.39
1785920100,246464,0.0000,5,22,304,16.42
1785920400,248352,0.0000,5,15,21,6.89
1785920700,244920,0.0000,5,22,459,21.89
1785921000,244661,0.0000,5,19,713,28.93
1785921300,245632,0.0000,5,27,341,17.97
1785921600,247427,0.0000,5,20,176,12.65
1785921900,245501,0.0000,5,21,402,20.45
1785922200,248089,0.0000,5,15,21,6.89
1785922500,242661,0.0000,5,21,888,32.61
1785922800,244583,0.0000,5,19,610,26.60
1785923100,245217,0.0000,5,26,469,22.18
1785923400,244540,0.0000,5,21,582,25.97
1785923700,241789,0.0000,5,21,1142,38.44
1785924000,248695,0.0000,5,15,20,6.90
1785924300,248510,0.0000,6,17,32,9.15
1785924600,247945,0.0000,6,17,26,7.86
1785924900,244083,0.0000,6,91,575,27.55
1785925200,249003,0.0000,5,16,22,7.29
1785925500,247712,0.0000,5,16,29,9.23
1785925800,248134,0.0000,5,16,21,7.16
1785926100,247769,0.0000,5,16,28,9.22
1785926400,248245,0.0000,5,16,22,7.07
1785926700,247548,0.0000,5,16,31,9.31
1785927000,248150,0.0000,5,17,61,9.80
1785927300,245436,0.0000,6,22,374,20.12
1785927600,245687,0.0000,6,25,420,21.89
1785927900,245557,0.0000,6,38,392,20.81
1785928200,241517,0.0000,6,21,1097,37.43
1785928500,248177,0.0000,6,16,27,9.20
1785928800,242351,0.0000,6,22,1098,36.81
1785929100,244395,0.0000,5,44,615,26.81
1785929400,244394,0.0000,5,23,610,26.52
1785929700,241501,0.0000,5,21,1130,39.37
1785930000,247319,0.0000,5,16,24,7.16
1785930300,241883,0.0000,5,29,1012,37.37
1785930600,243448,0.0000,6,23,704,29.77
1785930900,244813,0.0000,6,37,543,25.14
1785931200,242470,0.0000,5,21,1073,36.61
1785931500,248460,0.0000,5,16,26,9.01
1785931800,243211,0.0000,6,39,806,35.02
1785932100,244365,0.0000,6,35,686,29.60
1785932400,242931,0.0000,6,26,1045,37.20
1785932700,248625,0.0000,5,16,26,8.83
1785933000,242728,0.0000,6,24,976,34.83
1785933300,243580,0.0000,6,74,621,29.28
1785933600,242088,0.0000,5,27,918,34.70
1785933900,247969,0.0000,5,16,30,8.73
1785934200,243473,0.0000,6,23,946,34.47
1785934500,244026,0.0000,6,47,517,25.19
1785934800,243832,0.0000,5,20,424,19.70
1785935100,243558,0.0000,5,21,1145,38.75
1785935400,242811,0.0000,6,87,714,32.71
1785935700,242478,0.0000,6,168,736,36.10
1785936000,247706,0.0000,5,17,28,7.44
1785936300,241280,0.0000,5,30,1066,40.08
1785936600,243031,0.0000,6,49,728,31.76
1785936900,242252,0.0000,5,34,844,33.36
1785937200,243367,0.0000,5,24,696,30.05
1785937500,248043,0.0000,5,17,31,9.09
1785937800,241580,0.0000,5,19,1099,37.21
1785938100,244250,0.0000,5,19,757,28.65
1785938400,241538,0.0000,5,25,975,34.68
1785938700,236720,0.0000,5,263,1697,68.16
1785939000,234425,0.0000,7,429,1546,80.77
1785939300,235784,0.0000,6,400,1378,71.36
1785939600,242365,0.0000,6,115,730,35.70
1785939900,240737,0.0000,5,26,539,38.48
1785940200,246477,0.0000,5,25,425,21.60
1785940500,246743,0.0000,5,21,210,13.88
1785940800,246566,0.0000,5,21,230,13.90
1785941100,247452,0.0000,5,23,226,14.55
1785941400,246564,0.0000,5,19,189,13.31
1785941700,246862,0.0000,5,20,196,13.22
1785942000,246190,0.0000,5,22,307,17.04
1785942300,240666,0.0000,5,92,1196,47.04
1785942600,239196,0.0000,5,136,1493,55.53
1785942900,247017,0.0000,5,18,58,9.84
1785943200,247944,0.0000,5,16,147,13.17
1785943500,248488,0.0000,5,16,31,8.74
1785943800,248552,0.0000,5,15,22,6.82
1785944100,247315,0.0000,5,16,32,9.23
1785944400,248590,0.0000,5,16,27,7.07
1785944700,248149,0.0000,5,15,25,8.16
1785945000,248409,0.0000,5,15,21,6.75
1785945300,247636,0.0000,5,15,29,8.89
1785945600,248626,0.0000,5,15,20,6.66
1785945900,248408,0.0000,5,15,26,8.19
1785946200,247994,0.0000,5,15,23,6.87
1785946500,248526,0.0000,5,15,24,8.01
1785946800,249325,0.0000,5,15,21,6.69
1785947100,247847,0.0000,5,15,30,9.25
1785947400,248551,0.0000,5,15,20,6.61
1785947700,247674,0.0000,5,15,25,8.12
1785948000,248312,0.0000,5,15,22,6.80
1785948300,246973,0.0000,5,17,315,15.49
1785948600,248218,0.0000,5,15,20,6.58
1785948900,247848,0.0000,5,15,25,8.45
1785949200,247701,0.0000,5,15,32,9.26
1785949500,248036,0.0000,5,15,20,6.58
1785949800,248125,0.0000,5,16,29,8.49
1785950100,247917,0.0000,5,15,21,6.76
1785950400,227858,0.0001,5,457,3138,115.16
1785950700,228621,0.0000,5,326,2915,105.88
1785951000,248371,0.0000,5,15,20,6.65
1785951300,248067,0.0000,5,15,24,7.84
1785951600,248122,0.0000,5,15,20,6.67
1785951900,248371,0.0000,5,15,35,9.28
1785952200,248494,0.0000,5,16,30,8.83
1785952500,248665,0.0000,5,15,19,6.57
1785952800,248058,0.0000,5,15,31,8.74
1785953100,248536,0.0000,5,15,20,6.66
1785953400,248437,0.0000,5,15,26,8.60
1785953700,247921,0.0000,5,15,19,6.50
1785954000,247476,0.0000,5,15,27,8.71
1785954300,248223,0.0000,5,15,23,6.78
1785954600,248427,0.0000,5,15,27,8.48
1785954900,248413,0.0000,5,15,20,6.58
1785955200,247611,0.0000,5,15,24,8.05
1785955500,248000,0.0000,5,15,19,6.49
1785955800,247927,0.0000,5,15,27,8.61
1785956100,248084,0.0000,5,15,20,6.55
1785956400,248294,0.0000,5,15,29,8.49
1785956700,248411,0.0000,5,15,20,6.58
1785957000,247719,0.0000,5,15,30,8.97
1785957300,249298,0.0000,5,15,20,6.57
1785957600,248424,0.0000,5,15,25,8.24
1785957900,248495,0.0000,5,15,20,6.56
1785958200,247722,0.0000,5,15,30,8.69
1785958500,247895,0.0000,5,15,20,6.57
1785958800,247716,0.0000,5,16,31,8.53
1785959100,246923,0.0000,5,17,161,12.20
1785959400,228502,0.0001,5,514,2905,112.72
1785959700,229604,0.0000,5,448,2826,106.57
1785960000,229388,0.0000,5,413,2751,104.73
1785960300,229504,0.0001,5,459,2739,105.22
1785960600,247825,0.0000,5,15,27,8.36
1785960900,248596,0.0000,5,15,19,6.56
1785961200,247885,0.0000,5,16,29,8.89
1785961500,248464,0.0000,5,15,22,6.78
1785961800,248576,0.0000,5,15,27,8.47
1785962100,248687,0.0000,5,14,19,6.46
1785962400,247561,0.0000,5,15,29,8.54
1785962700,248347,0.0000,5,15,20,6.59
1785963000,248587,0.0000,5,15,27,8.74
1785963300,248268,0.0000,5,15,21,6.67
1785963600,248183,0.0000,5,15,25,8.25
1785963900,248557,0.0000,5,15,20,6.58
1785964200,248247,0.0000,5,16,31,8.71
1785964500,248290,0.0000,5,15,20,6.59
1785964800,248390,0.0000,5,15,30,9.04
1785965100,247626,0.0000,5,15,19,6.49
1785965400,247917,0.0000,5,15,27,8.20
1785965700,248150,0.0000,5,14,19,6.46
1785966000,247914,0.0000,5,15,27,8.35
1785966300,248139,0.0000,5,15,19,6.52
1785966600,248189,0.0000,5,16,31,9.02
1785966900,248622,0.0000,5,15,20,6.72
1785967200,229986,0.0000,5,379,2768,103.93
1785967500,231481,0.0001,5,289,2676,97.01
1785967800,231671,0.0001,5,323,2588,96.64
1785968100,248375,0.0000,5,15,20,6.65
1785968400,229554,0.0000,5,367,2772,105.11
1785968700,231038,0.0000,5,274,2691,96.85
1785969000,231628,0.0000,5,352,2536,96.58
1785969300,231067,0.0000,5,314,2605,97.02
1785969600,237139,0.0000,5,22,1898,59.98
1785969900,242202,0.0000,5,26,1311,42.17
1785970200,230858,0.0000,5,348,2686,100.36
1785970500,230810,0.0000,5,314,2611,97.24
1785970800,231516,0.0000,5,275,2561,93.31
1785971100,232923,0.0000,5,214,2411,86.75
1785971400,238253,0.0000,5,103,1711,58.20
1785971700,220385,0.0000,5,1158,3170,159.52
1785972000,222333,0.0000,5,1048,3044,149.06
1785972300,222473,0.0000,5,1038,2971,146.98
1785972600,248943,0.0000,5,15,20,6.72
1785972900,247992,0.0000,5,15,27,8.62
1785973200,248690,0.0000,5,15,22,6.83
1785973500,248260,0.0000,5,15,26,8.36
1785973800,247771,0.0000,5,15,21,6.70
1785974100,247636,0.0000,5,15,24,8.02
1785974400,248347,0.0000,5,15,20,6.61
1785974700,247703,0.0000,5,15,30,8.64
1785975000,248269,0.0000,5,15,19,6.52
1785975300,248039,0.0000,5,15,25,8.24
1785975600,248197,0.0000,5,15,21,6.64
1785975900,247506,0.0000,5,15,27,8.88
1785976200,248731,0.0000,5,15,21,6.73
1785976500,247927,0.0000,5,15,27,8.21
1785976800,247873,0.0000,5,16,83,9.28
1785977100,248077,0.0000,5,15,34,9.04
1785977400,248247,0.0000,5,15,20,6.52
1785977700,248326,0.0000,5,15,28,8.48
1785978000,248141,0.0000,5,15,19,6.51
1785978300,248323,0.0000,5,15,37,8.94
1785978600,247539,0.0000,5,16,110,10.96
1785978900,246936,0.0000,5,17,198,13.58
1785979200,247011,0.0000,5,16,241,14.27
1785979500,243467,0.0000,5,18,775,30.06
1785979800,236862,0.0000,5,128,1806,64.40
1785980100,242688,0.0000,5,24,1056,36.60
1785980400,242169,0.0000,5,20,1135,37.48
1785980700,240957,0.0000,5,78,1212,44.52
1785981000,247162,0.0000,5,15,20,6.64
1785981300,242245,0.0000,5,28,1097,37.54
1785981600,243154,0.0000,5,26,1159,38.88
1785981900,241477,0.0000,5,48,1151,40.40
1785982200,242654,0.0000,5,21,994,33.87
1785982500,243318,0.0000,5,26,874,31.29
1785982800,243817,0.0000,5,22,899,31.84
1785983100,247549,0.0000,5,17,66,9.92
1785983400,243429,0.0000,5,20,909,31.12
1785983700,243088,0.0000,5,33,977,35.06
1785984000,243707,0.0000,5,25,896,32.04
1785984300,242918,0.0000,5,35,936,33.60
1785984600,243070,0.0000,5,25,968,33.91
1785984900,242226,0.0000,5,43,1096,37.77
1785985200,247953,0.0000,5,15,21,6.87
1785985500,241546,0.0000,5,97,1153,43.65
1785985800,240803,0.0000,5,60,1274,45.81
1785986100,240422,0.0000,5,111,1247,47.16
1785986400,242603,0.0000,5,54,857,33.38
1785986700,243094,0.0000,5,40,904,33.52
1785987000,248330,0.0000,5,16,28,7.54
1785987300,241433,0.0000,5,142,1034,42.95
1785987600,241675,0.0000,5,38,1033,37.77
1785987900,242408,0.0000,5,90,905,36.07
1785988200,245970,0.0000,5,19,301,17.25
1785988500,245104,0.0000,5,18,408,19.11
1785988800,249081,0.0000,5,15,20,6.68
1785989100,248012,0.0000,5,15,26,8.49
1785989400,248050,0.0000,5,15,20,6.67
1785989700,247658,0.0000,5,15,47,9.23
1785990000,248104,0.0000,5,15,20,6.74
1785990300,247252,0.0000,5,16,152,11.65
1785990600,246576,0.0000,5,17,275,17.02
1785990900,245650,0.0000,5,17,348,18.46
1785991200,246178,0.0000,5,16,299,17.79
1785991500,246223,0.0000,5,17,392,19.75
1785991800,248824,0.0000,5,15,20,6.68
1785992100,247552,0.0000,5,16,28,8.31
1785992400,243221,0.0000,6,114,551,29.36
1785992700,245835,0.0000,6,49,395,20.62
1785993000,244943,0.0000,6,55,422,24.76
1785993300,237419,0.0001,5,105,1752,61.70
1785993600,227735,0.0000,5,503,2972,115.97
1785993900,247484,0.0000,6,39,114,13.48
1785994200,241487,0.0000,7,63,1048,40.89
1785994500,247814,0.0000,5,16,27,8.65
1785994800,248706,0.0000,5,15,20,6.62
1785995100,247991,0.0000,5,15,23,7.84
1785995400,248280,0.0000,5,15,20,6.54
1785995700,247474,0.0000,5,16,32,8.54
1785996000,248361,0.0000,5,15,20,6.59
1785996300,246470,0.0000,5,16,267,15.27
1785996600,248385,0.0000,5,15,20,6.57
1785996900,247737,0.0000,5,15,23,7.79
1785997200,248357,0.0000,5,15,20,6.59
1785997500,247606,0.0000,5,15,25,8.35
1785997800,247666,0.0000,5,15,34,9.61
1785998100,248185,0.0000,5,15,20,6.63
1785998400,247978,0.0000,5,15,28,8.98
1785998700,248234,0.0000,5,15,19,6.51
1785999000,247745,0.0000,5,16,31,9.03
1785999300,248821,0.0000,5,15,20,6.51
1785999600,248298,0.0000,5,16,36,9.12
1785999900,247823,0.0000,5,15,20,6.60
1786000200,248310,0.0000,5,15,27,8.41
1786000500,248055,0.0000,5,15,20,6.56
1786000800,248084,0.0000,5,15,30,8.93
1786001100,248342,0.0000,5,15,20,6.55
1786001400,247819,0.0000,5,15,29,8.50
1786001700,246418,0.0000,5,16,291,17.43
1786002000,246259,0.0000,5,17,324,17.32
1786002300,247850,0.0000,5,15,20,6.56
1786002600,248500,0.0000,5,15,25,8.29
1786002900,248955,0.0000,5,15,20,6.63
1786003200,248157,0.0000,5,15,25,8.48
1786003500,248204,0.0000,5,15,20,6.58
1786003800,248137,0.0000,5,15,29,8.82
1786004100,248023,0.0000,5,15,20,6.51
1786004400,247526,0.0000,5,15,24,7.94
1786004700,247690,0.0000,5,15,21,6.64
1786005000,247811,0.0000,5,15,28,8.55
1786005300,248281,0.0000,5,15,19,6.52
1786005600,248332,0.0000,5,15,24,8.03
1786005900,247779,0.0000,5,15,19,6.51
1786006200,247428,0.0000,5,15,28,8.42
1786006500,248174,0.0000,5,15,21,6.63
1786006800,248417,0.0000,5,15,23,7.86
1786007100,248083,0.0000,5,15,19,6.48
1786007400,247402,0.0000,5,15,24,8.17
1786007700,248530,0.0000,5,15,20,6.61
1786008000,247643,0.0000,5,15,22,7.72
1786008300,248210,0.0000,5,15,19,6.49
1786008600,247771,0.0000,5,15,26,8.27
1786008900,247755,0.0000,5,14,19,6.49
1786009200,246497,0.0000,5,17,275,15.22
1786009500,248288,0.0000,5,15,20,6.62
1786009800,247640,0.0000,5,16,31,8.75
1786010100,248253,0.0000,5,15,21,6.64
1786010400,247961,0.0000,5,16,29,8.70
1786010700,248468,0.0000,5,15,21,6.64
1786011000,248825,0.0000,5,15,25,8.39
1786011300,247987,0.0000,5,15,20,6.58
1786011600,247674,0.0000,5,15,30,8.55
1786011900,248810,0.0000,5,15,19,6.54
1786012200,247874,0.0000,5,15,30,9.09
1786012500,248226,0.0000,5,15,19,6.51
1786012800,247910,0.0000,5,15,25,8.06
1786013100,247867,0.0000,5,15,19,6.52
1786013400,247805,0.0000,5,15,31,8.78
1786013700,249108,0.0000,5,14,19,6.48
1786014000,248071,0.0000,5,15,27,8.49
1786014300,248281,0.0000,5,15,19,6.53
1786014600,247790,0.0000,5,15,30,8.84
1786014900,248141,0.0000,5,15,20,6.54
1786015200,247710,0.0000,5,15,27,8.33
1786015500,248085,0.0000,5,14,19,6.49
1786015800,247797,0.0000,5,15,29,8.62
1786016100,248058,0.0000,5,15,19,6.51
1786016400,247837,0.0000,5,15,29,8.73
1786016700,249068,0.0000,5,15,19,6.54
1786017000,248320,0.0000,5,15,26,8.62
1786017300,248838,0.0000,5,15,20,6.56
1786017600,248031,0.0000,5,15,25,8.07
1786017900,248193,0.0000,5,15,24,8.19
1786018200,247839,0.0000,5,15,20,6.67
1786018500,247821,0.0000,5,15,32,8.93
1786018800,248727,0.0000,5,15,22,6.84
1786019100,248659,0.0000,5,15,24,8.49
1786019400,248486,0.0000,5,15,19,6.55
1786019700,247540,0.0000,5,16,28,8.75
1786020000,248277,0.0000,5,15,21,6.75
1786020300,248095,0.0000,5,15,27,8.61
1786020600,248503,0.0000,5,15,20,6.64
1786020900,247784,0.0000,5,15,40,8.68
1786021200,248310,0.0000,5,15,21,6.71
1786021500,248409,0.0000,5,15,28,8.57
1786021800,248362,0.0000,5,15,20,6.66
1786022100,248218,0.0000,5,15,27,8.22
1786022400,248665,0.0000,5,15,22,7.04
1786022700,248412,0.0000,5,15,26,8.03
1786023000,248046,0.0000,5,15,20,6.64
1786023300,248167,0.0000,5,15,25,8.24
1786023600,248262,0.0000,5,15,20,6.65
1786023900,247497,0.0000,5,15,25,8.27
1786024200,248679,0.0000,5,15,20,6.64
1786024500,247657,0.0000,5,15,29,8.72
1786024800,247941,0.0000,5,15,20,6.62
1786025100,247696,0.0000,5,15,31,8.87
1786025400,248307,0.0000,5,15,19,6.65
1786025700,247782,0.0000,5,15,25,8.06
1786026000,248619,0.0000,5,15,20,6.69
1786026300,248707,0.0000,5,15,28,9.10
1786026600,248065,0.0000,5,15,20,6.71
1786026900,247381,0.0000,5,16,31,8.77
1786027200,248489,0.0000,5,15,20,6.64
1786027500,249053,0.0000,5,15,22,7.84
1786027800,248270,0.0000,5,15,20,6.62
1786028100,248141,0.0000,5,15,27,8.46
1786028400,248311,0.0000,5,15,20,6.59
1786028700,248040,0.0000,5,15,29,8.62
1786029000,248235,0.0000,5,15,20,6.69
1786029300,248244,0.0000,5,15,24,8.03
1786029600,248544,0.0000,5,15,20,6.61
1786029900,247498,0.0000,5,15,32,8.78
1786030200,248699,0.0000,5,15,22,6.83
1786030500,248118,0.0000,5,15,25,8.44
1786030800,248730,0.0000,5,15,21,6.75
1786031100,248000,0.0000,5,15,28,8.88
1786031400,248553,0.0000,5,15,20,6.64
1786031700,247494,0.0000,5,16,30,8.84
1786032000,248925,0.0000,5,16,24,7.00
1786032300,247961,0.0000,5,15,24,8.67
1786032600,248353,0.0000,5,15,20,6.61
1786032900,247867,0.0000,5,15,26,8.37
1786033200,248802,0.0000,5,15,20,6.67
1786033500,247354,0.0000,5,15,25,8.63
1786033800,248777,0.0000,5,15,20,6.73
1786034100,247821,0.0000,5,15,24,8.32
1786034400,248337,0.0000,5,15,20,6.68
1786034700,247804,0.0000,5,15,24,8.34
1786035000,248038,0.0000,5,15,20,6.75
1786035300,247971,0.0000,5,16,28,8.46
1786035600,248822,0.0000,5,15,20,6.69
1786035900,247860,0.0000,5,16,35,8.72
1786036200,247772,0.0000,5,17,49,8.87
1786036500,246791,0.0000,5,26,206,14.25
1786036800,247781,0.0000,5,16,30,8.38
1786037100,249115,0.0000,5,16,27,7.62
1786037400,246801,0.0000,5,16,29,8.80
1786037700,248355,0.0000,5,16,24,6.96
1786038000,248132,0.0000,5,16,28,8.56
1786038300,248751,0.0000,5,15,21,6.71
1786038600,248437,0.0000,5,16,26,8.29
1786038900,248013,0.0000,5,16,24,6.93
1786039200,247148,0.0000,5,17,51,9.48
1786039500,248358,0.0000,5,15,22,6.83
1786039800,247685,0.0000,5,16,29,8.82
1786040100,248265,0.0000,5,16,23,6.92
1786040400,247931,0.0000,5,17,45,8.97
1786040700,248661,0.0000,5,16,27,7.23
1786041000,247395,0.0000,5,16,38,8.85
1786041300,248351,0.0000,5,15,20,6.66
1786041600,247765,0.0000,5,15,24,8.10
1786041900,248205,0.0000,5,15,20,6.65
1786042200,248360,0.0000,5,16,29,8.88
1786042500,248573,0.0000,5,15,20,6.64
1786042800,248069,0.0000,5,16,31,8.94
1786043100,248932,0.0000,5,15,21,6.76
1786043400,247861,0.0000,5,15,27,8.82
1786043700,248953,0.0000,5,15,19,6.60
1786044000,247913,0.0000,5,15,25,8.23
1786044300,248545,0.0000,5,15,19,6.54
1786044600,248332,0.0000,5,15,23,8.03
1786044900,247715,0.0000,5,15,20,6.63
1786045200,248121,0.0000,5,15,25,8.27
1786045500,247813,0.0000,5,15,22,6.83
1786045800,247846,0.0000,5,15,24,8.21
1786046100,248308,0.0000,5,15,20,6.61
1786046400,248184,0.0000,5,15,25,8.39
1786046700,248612,0.0000,5,14,19,6.52
1786047000,247789,0.0000,5,15,23,7.82
1786047300,248651,0.0000,5,15,19,6.55
1786047600,247532,0.0000,5,16,33,8.62
1786047900,248541,0.0000,5,15,20,6.62
1786048200,248522,0.0000,5,15,29,8.78
1786048500,248110,0.0000,5,14,19,6.44
1786048800,247972,0.0000,5,15,24,8.17
1786049100,247622,0.0000,5,14,19,6.48
1786049400,247800,0.0000,5,15,22,7.83
1786049700,248025,0.0000,5,15,21,6.62
1786050000,247575,0.0000,5,15,40,9.01
1786050300,244616,0.0000,5,16,517,25.09
1786050600,248320,0.0000,5,15,32,8.57
1786050900,248364,0.0000,5,15,20,6.55
1786051200,248353,0.0000,5,15,23,7.86
1786051500,247867,0.0000,5,15,20,6.54
1786051800,247520,0.0000,5,15,29,8.51
1786052100,248224,0.0000,5,15,19,6.54
1786052400,248430,0.0000,5,15,24,7.94
1786052700,248061,0.0000,5,15,19,6.49
1786053000,248216,0.0000,5,15,27,8.47
1786053300,248209,0.0000,5,15,19,6.53
1786053600,248661,0.0000,5,15,26,8.19
1786053900,248294,0.0000,5,15,19,6.56
1786054200,247602,0.0000,5,15,28,8.24
1786054500,248336,0.0000,5,15,19,6.54
1786054800,248034,0.0000,5,15,25,7.97
1786055100,248278,0.0000,5,15,20,6.61
1786055400,247858,0.0000,5,15,23,8.04
1786055700,248372,0.0000,5,15,20,6.53
1786056000,247767,0.0000,5,15,25,8.41
1786056300,248761,0.0000,5,15,22,6.71
1786056600,247990,0.0000,5,15,24,8.18
1786056900,247734,0.0000,5,15,29,8.77
1786057200,248206,0.0000,5,15,19,6.56
1786057500,247872,0.0000,5,15,28,8.33
1786057800,248144,0.0000,5,14,19,6.51
1786058100,247879,0.0000,5,15,29,8.87
1786058400,248255,0.0000,5,15,19,6.51
1786058700,248975,0.0000,5,15,28,8.43
1786059000,248961,0.0000,5,14,19,6.46
1786059300,248055,0.0000,5,15,28,8.98
1786059600,240663,0.0000,5,17,1564,47.11
1786059900,238091,0.0000,5,20,1824,55.82
1786060200,239103,0.0000,5,17,1753,53.03
1786060500,247994,0.0000,5,15,25,8.11
1786060800,248533,0.0000,5,15,19,6.53
1786061100,238933,0.0000,5,18,1778,54.76
1786061400,248361,0.0000,5,15,20,6.63
1786061700,238823,0.0000,5,19,1825,56.76
1786062000,248651,0.0000,5,15,20,6.63
1786062300,248337,0.0000,5,15,26,8.55
1786062600,238879,0.0000,5,18,1778,53.95
1786062900,248209,0.0000,5,15,27,8.44
1786063200,248242,0.0000,5,15,20,6.57
1786063500,248174,0.0000,5,15,24,8.20
1786063800,240116,0.0000,5,17,1660,50.87
1786064100,247615,0.0000,5,15,27,8.29
1786064400,248176,0.0000,5,15,19,6.55
1786064700,247978,0.0000,5,15,27,8.18
1786065000,248344,0.0000,5,15,19,6.51
1786065300,248486,0.0000,5,15,30,9.01
1786065600,241870,0.0000,5,16,1238,39.95
1786065900,247367,0.0000,5,15,25,8.21
1786066200,248067,0.0000,5,15,20,6.62
1786066500,241674,0.0000,5,18,1400,44.26
1786066800,248024,0.0000,5,15,19,6.54
1786067100,248289,0.0000,5,15,27,8.26
1786067400,239811,0.0000,5,18,1734,52.32
1786067700,241080,0.0000,5,18,1364,44.08
1786068000,248367,0.0000,5,15,20,6.73
1786068300,247967,0.0000,5,16,27,8.20
1786068600,246793,0.0000,5,15,20,7.13
1786068900,239193,0.0000,5,19,1826,55.33
1786069200,248322,0.0000,5,15,20,6.62
1786069500,238625,0.0000,5,20,1735,53.60
1786069800,248770,0.0000,5,15,21,6.84
1786070100,248067,0.0000,5,16,41,8.97
1786070400,248474,0.0000,5,15,21,6.72
1786070700,247945,0.0000,5,15,32,9.07
1786071000,248891,0.0000,5,15,20,6.64
1786071300,239346,0.0000,5,24,1607,51.73
1786071600,238544,0.0000,5,19,1897,56.34
1786071900,239482,0.0000,5,19,1706,52.71
1786072200,248129,0.0000,5,15,20,6.61
1786072500,239473,0.0000,5,19,1726,53.52
1786072800,248846,0.0000,5,15,20,6.58
1786073100,248001,0.0000,5,15,28,8.55
1786073400,248189,0.0000,5,15,20,6.62
1786073700,247262,0.0000,5,16,33,9.16
1786074000,247775,0.0000,5,15,20,6.67
1786074300,239311,0.0000,5,21,1731,53.99
1786074600,248322,0.0000,5,15,21,6.81
1786074900,239361,0.0000,5,20,1690,53.47
1786075200,235065,0.0000,5,15,21,6.76
1786075500,24,0.0000,5,16,19,6.88
1786076100,69907,0.0000,5,17,129,11.90
1786076700,228456,0.0000,5,18,622,25.51
1786077000,192796,0.0000,5,19,1140,36.94
1786077900,49016,0.0000,5,22,380,19.69
1786078500,22,0.0000,5,12,13,6.14
1786078800,47648,0.0000,5,15,19,6.65
1786079700,1175,0.0000,5,18,28,7.69
1786080600,203,0.0000,5,15,17,6.79
1786081500,1539,0.0000,6,19,28,7.85
1786082400,249,0.0000,5,13,18,5.97
1786082700,92,0.0000,7,27,29,9.12
1786083300,1085,0.0000,5,15,19,6.78
1786084200,2082,0.0000,6,23,37,9.07
1786085100,854,0.0000,5,20,41,8.33
1786086600,179067,0.0000,5,15,24,7.61
1786086900,245983,0.0000,5,19,456,19.44
1786087200,245336,0.0000,5,18,549,22.76
1786087500,248331,0.0000,5,16,105,10.08
1786087800,244099,0.0000,5,44,614,28.61
1786088100,244367,0.0000,5,60,571,26.75
1786088400,243146,0.0000,5,50,691,30.50
1786088700,243470,0.0000,5,67,623,27.61
1786089000,248036,0.0000,5,16,42,8.46
1786089300,242799,0.0000,5,54,896,35.09
1786089600,243698,0.0000,5,76,623,29.34
1786089900,242736,0.0000,5,61,741,31.78
1786090200,244316,0.0000,5,73,586,28.16
1786090500,243261,0.0000,5,54,818,32.66
1786090800,232821,0.0000,6,479,1863,87.83
1786091100,245586,0.0000,5,21,406,18.58
1786091400,248587,0.0000,5,15,21,6.78
1786091700,247753,0.0000,5,16,61,9.34
1786092000,246583,0.0000,5,21,252,13.88
1786092300,247823,0.0000,5,17,45,9.10
1786092600,247948,0.0000,5,16,27,7.39
1786092900,247780,0.0000,5,18,49,9.24
1786093200,247863,0.0000,5,16,35,8.87
1786093500,248327,0.0000,5,17,31,8.73
1786093800,248082,0.0000,5,15,21,6.87
1786094100,247380,0.0000,5,16,28,8.72
1786094400,248540,0.0000,5,15,21,6.80
1786094700,247346,0.0000,5,15,27,8.36
1786095000,248519,0.0000,5,15,20,6.68
1786095300,247919,0.0000,5,15,30,9.02
1786095600,247712,0.0000,5,15,20,6.62
1786095900,248679,0.0000,5,15,25,8.19
1786096200,247270,0.0000,5,16,187,12.75
1786096500,248363,0.0000,5,16,28,8.60
1786096800,248125,0.0000,5,17,83,10.82
1786097100,248056,0.0000,5,15,26,8.35
1786097400,248212,0.0000,5,15,21,6.69
1786097700,248076,0.0000,5,15,26,8.30
1786098000,248578,0.0000,5,15,20,6.63
1786098300,248663,0.0000,5,15,26,8.29
1786098600,248566,0.0000,5,15,20,6.67
1786098900,248056,0.0000,5,16,33,8.52
1786099200,248425,0.0000,5,16,33,7.55
1786099500,247736,0.0000,5,17,44,8.94
1786099800,248545,0.0000,5,15,21,6.79
1786100100,247999,0.0000,5,15,26,8.27
1786100400,248168,0.0000,5,15,20,6.67
1786100700,248220,0.0000,5,15,23,7.92
1786101000,248690,0.0000,5,15,20,6.58
1786101300,248132,0.0000,5,15,30,9.18
1786101600,247530,0.0000,5,15,20,6.56
1786101900,247442,0.0000,5,15,26,8.35
1786102200,247561,0.0000,5,16,39,8.87
1786102500,248407,0.0000,5,15,20,6.63
1786102800,247909,0.0000,5,15,24,8.08
1786103100,247924,0.0000,5,15,20,6.64
1786103400,247659,0.0000,5,15,28,9.08
1786103700,248247,0.0000,5,15,19,6.54
1786104000,247927,0.0000,5,15,26,8.56
1786104300,135953,0.0000,5,15,23,6.90
