Scenario Name,Heap Size,Concurrent Users,Label,# Samples,Error Count,Error %,Throughput (Requests/sec),Average Response Time (ms),Standard Deviation of Response Time (ms),Minimum Response Time (ms),Maximum Response Time (ms),75th Percentile of Response Time (ms),90th Percentile of Response Time (ms),95th Percentile of Response Time (ms),98th Percentile of Response Time (ms),99th Percentile of Response Time (ms),99.9th Percentile of Response Time (ms),Received (KB/sec),Sent (KB/sec),WSO2 Thunder GC Throughput (%),WSO2 Thunder Memory Footprint (M),Average WSO2 Thunder Memory Footprint After Full GC (M),Standard Deviation of WSO2 Thunder Memory Footprint After Full GC (M),JMeter Client GC Throughput (%),JMeter Client Memory Footprint (M),Average JMeter Client Memory Footprint After Full GC (M),Standard Deviation of JMeter Client Memory Footprint After Full GC (M),WSO2 Thunder Load Average - Last 1 minute,WSO2 Thunder Load Average - Last 5 minutes,WSO2 Thunder Load Average - Last 15 minutes,JMeter Client Load Average - Last 1 minute,JMeter Client Load Average - Last 5 minutes,JMeter Client Load Average - Last 15 minutes
Client Credentials Grant Type,N/A,50,1 Get access token,306837,0,0.00,510.96,96.59,21.77,2,401,103.00,110.00,118.00,127.00,142.00,305.00,562.72,166.45,N/A,N/A,N/A,N/A,,,,,,,,,,
Client Credentials Grant Type,N/A,200,1 Get access token,305359,0,0.00,507.12,393.03,89.96,2,1461,411.00,421.00,427.00,433.00,583.00,1319.00,558.49,165.19,N/A,N/A,N/A,N/A,,,,,,,,,,
Client Credentials Grant Type,N/A,500,1 Get access token,304834,0,0.00,504.87,986.20,227.75,2,3270,1015.00,1023.00,1031.00,1047.00,1655.00,3119.00,556.01,164.46,N/A,N/A,N/A,N/A,,,,,,,,,,
Authorization Code Grant Type,N/A,50,1 Send request to authorize endpoint,4917,0,0.00,8.20,7.47,6.74,4,380,8.00,11.00,13.00,18.00,23.00,50.00,5.25,2.04,N/A,N/A,N/A,N/A,,,,,,,,,,
Authorization Code Grant Type,N/A,50,2 Start Authentication Flow,4917,0,0.00,8.20,4.77,3.38,3,182,5.00,6.00,8.00,11.00,15.00,30.00,21.91,2.31,N/A,N/A,N/A,N/A,,,,,,,,,,
Authorization Code Grant Type,N/A,50,3 Perform authentication,4917,0,0.00,8.20,10.68,10.56,5,276,10.00,13.00,15.00,22.00,32.00,201.00,10.75,3.69,N/A,N/A,N/A,N/A,,,,,,,,,,
Authorization Code Grant Type,N/A,50,4 Obtain authorization code,4917,0,0.00,8.20,5.85,4.00,3,131,6.00,8.00,9.00,14.00,18.00,50.00,2.67,10.31,N/A,N/A,N/A,N/A,,,,,,,,,,
Authorization Code Grant Type,N/A,50,5 Obtain access token,4917,0,0.00,8.20,10.29,4.28,7,126,10.00,13.00,15.00,20.00,26.00,64.00,15.75,3.30,N/A,N/A,N/A,N/A,,,,,,,,,,
Authorization Code Grant Type,N/A,200,1 Send request to authorize endpoint,19792,0,0.00,33.00,9.61,10.60,4,419,10.00,15.00,19.00,27.00,42.00,132.00,21.11,8.21,N/A,N/A,N/A,N/A,,,,,,,,,,
Authorization Code Grant Type,N/A,200,2 Start Authentication Flow,19792,0,0.00,33.00,6.56,7.88,3,370,7.00,10.00,14.00,21.00,30.00,87.00,88.17,9.28,N/A,N/A,N/A,N/A,,,,,,,,,,
Authorization Code Grant Type,N/A,200,3 Perform authentication,19790,0,0.00,33.00,13.58,20.40,5,738,13.00,18.00,24.00,41.00,69.00,333.00,43.24,14.85,N/A,N/A,N/A,N/A,,,,,,,,,,
Authorization Code Grant Type,N/A,200,4 Obtain authorization code,19791,0,0.00,33.00,8.26,11.65,3,660,9.00,12.00,16.00,25.00,40.00,145.00,10.76,41.47,N/A,N/A,N/A,N/A,,,,,,,,,,
Authorization Code Grant Type,N/A,200,5 Obtain access token,19791,0,0.00,33.00,12.77,10.33,7,462,13.00,18.00,23.00,33.00,47.00,138.00,63.40,13.26,N/A,N/A,N/A,N/A,,,,,,,,,,
Authorization Code Grant Type,N/A,500,1 Send request to authorize endpoint,48443,0,0.00,80.77,35.61,58.55,3,1247,35.00,65.00,105.00,209.00,309.00,691.00,51.67,20.11,N/A,N/A,N/A,N/A,,,,,,,,,,
Authorization Code Grant Type,N/A,500,2 Start Authentication Flow,48444,0,0.00,80.77,29.22,54.92,3,1472,28.00,52.00,89.00,186.00,279.00,659.00,215.82,22.72,N/A,N/A,N/A,N/A,,,,,,,,,,
Authorization Code Grant Type,N/A,500,3 Perform authentication,48445,0,0.00,80.78,50.69,77.80,5,1877,53.00,95.00,146.00,265.00,389.00,935.00,105.86,36.36,N/A,N/A,N/A,N/A,,,,,,,,,,
Authorization Code Grant Type,N/A,500,4 Obtain authorization code,48443,0,0.00,80.77,38.25,84.66,3,1909,31.00,62.00,129.00,291.00,453.00,987.00,26.35,101.52,N/A,N/A,N/A,N/A,,,,,,,,,,
Authorization Code Grant Type,N/A,500,5 Obtain access token,48442,0,0.00,80.77,37.65,43.22,7,1189,43.00,71.00,96.00,156.00,214.00,503.00,155.18,32.46,N/A,N/A,N/A,N/A,,,,,,,,,,
User Authentication with Credentials,N/A,50,1 Perform user authentication,291089,0,0.00,485.19,102.69,44.42,10,579,121.00,160.00,189.00,229.00,259.00,359.00,629.68,191.37,N/A,N/A,N/A,N/A,,,,,,,,,,
User Authentication with Credentials,N/A,200,1 Perform user authentication,291773,0,0.00,486.12,410.94,353.32,22,4760,547.00,871.00,1119.00,1447.00,1687.00,2511.00,630.89,191.74,N/A,N/A,N/A,N/A,,,,,,,,,,
User Authentication with Credentials,N/A,500,1 Perform user authentication,277053,1,0.00,460.37,1082.48,951.65,23,10594,1511.00,2351.00,2975.00,3775.00,4383.00,6335.00,597.47,181.58,N/A,N/A,N/A,N/A,,,,,,,,,,
