start_utc,end_utc,duration_s
2026-07-31T12:07:57Z,2026-07-31T12:07:58Z,1
2026-07-31T12:12:58Z,2026-07-31T12:12:58Z,0
2026-07-31T12:17:58Z,2026-07-31T12:17:59Z,1
2026-07-31T12:22:59Z,2026-07-31T12:23:00Z,1
2026-07-31T12:28:00Z,2026-07-31T12:28:00Z,0
2026-07-31T12:33:00Z,2026-07-31T12:33:01Z,1
2026-07-31T12:38:01Z,2026-07-31T12:38:02Z,1
2026-07-31T12:43:02Z,2026-07-31T12:43:02Z,0
2026-07-31T12:48:02Z,2026-07-31T12:48:03Z,1
2026-07-31T12:53:03Z,2026-07-31T12:53:04Z,1
2026-07-31T12:58:04Z,2026-07-31T12:58:05Z,1
2026-07-31T13:03:05Z,2026-07-31T13:03:06Z,1
2026-07-31T13:08:06Z,2026-07-31T13:08:06Z,0
2026-07-31T13:13:06Z,2026-07-31T13:13:07Z,1
2026-07-31T13:18:07Z,2026-07-31T13:18:08Z,1
2026-07-31T13:23:08Z,2026-07-31T13:23:09Z,1
2026-07-31T13:28:09Z,2026-07-31T13:28:09Z,0
2026-07-31T13:33:09Z,2026-07-31T13:33:10Z,1
2026-07-31T13:38:10Z,2026-07-31T13:38:11Z,1
2026-07-31T13:43:11Z,2026-07-31T13:43:12Z,1
2026-07-31T13:48:12Z,2026-07-31T13:48:13Z,1
2026-07-31T13:53:13Z,2026-07-31T13:53:14Z,1
2026-07-31T13:58:14Z,2026-07-31T13:58:14Z,0
2026-07-31T14:03:14Z,2026-07-31T14:03:16Z,2
2026-07-31T14:08:16Z,2026-07-31T14:08:16Z,0
2026-07-31T14:13:16Z,2026-07-31T14:13:17Z,1
2026-07-31T14:18:17Z,2026-07-31T14:18:18Z,1
2026-07-31T14:23:18Z,2026-07-31T14:23:19Z,1
2026-07-31T14:28:19Z,2026-07-31T14:28:20Z,1
2026-07-31T14:33:20Z,2026-07-31T14:33:21Z,1
2026-07-31T14:38:21Z,2026-07-31T14:38:22Z,1
2026-07-31T14:43:22Z,2026-07-31T14:43:23Z,1
2026-07-31T14:48:23Z,2026-07-31T14:48:24Z,1
2026-07-31T14:53:24Z,2026-07-31T14:53:25Z,1
2026-07-31T14:58:25Z,2026-07-31T14:58:26Z,1
2026-07-31T15:03:26Z,2026-07-31T15:03:27Z,1
2026-07-31T15:08:27Z,2026-07-31T15:08:28Z,1
2026-07-31T15:13:28Z,2026-07-31T15:13:29Z,1
2026-07-31T15:18:29Z,2026-07-31T15:18:31Z,2
2026-07-31T15:23:31Z,2026-07-31T15:23:31Z,0
2026-07-31T15:28:31Z,2026-07-31T15:28:33Z,2
2026-07-31T15:33:33Z,2026-07-31T15:33:34Z,1
2026-07-31T15:38:34Z,2026-07-31T15:38:35Z,1
2026-07-31T15:43:35Z,2026-07-31T15:43:36Z,1
2026-07-31T15:48:36Z,2026-07-31T15:48:37Z,1
2026-07-31T15:53:37Z,2026-07-31T15:53:38Z,1
2026-07-31T15:58:38Z,2026-07-31T15:58:39Z,1
2026-07-31T16:03:39Z,2026-07-31T16:03:40Z,1
2026-07-31T16:08:40Z,2026-07-31T16:08:41Z,1
2026-07-31T16:13:41Z,2026-07-31T16:13:43Z,2
2026-07-31T16:18:43Z,2026-07-31T16:18:44Z,1
2026-07-31T16:23:44Z,2026-07-31T16:23:45Z,1
2026-07-31T16:28:45Z,2026-07-31T16:28:46Z,1
2026-07-31T16:33:46Z,2026-07-31T16:33:47Z,1
2026-07-31T16:38:47Z,2026-07-31T16:38:48Z,1
2026-07-31T16:43:48Z,2026-07-31T16:43:50Z,2
2026-07-31T16:48:50Z,2026-07-31T16:48:51Z,1
2026-07-31T16:53:51Z,2026-07-31T16:53:52Z,1
2026-07-31T16:58:52Z,2026-07-31T16:58:53Z,1
2026-07-31T17:03:53Z,2026-07-31T17:03:55Z,2
2026-07-31T17:08:55Z,2026-07-31T17:08:56Z,1
2026-07-31T17:13:56Z,2026-07-31T17:13:57Z,1
2026-07-31T17:18:57Z,2026-07-31T17:18:59Z,2
2026-07-31T17:23:59Z,2026-07-31T17:24:00Z,1
2026-07-31T17:29:00Z,2026-07-31T17:29:01Z,1
2026-07-31T17:34:01Z,2026-07-31T17:34:02Z,1
2026-07-31T17:39:02Z,2026-07-31T17:39:03Z,1
2026-07-31T17:44:03Z,2026-07-31T17:44:05Z,2
2026-07-31T17:49:05Z,2026-07-31T17:49:06Z,1
2026-07-31T17:54:06Z,2026-07-31T17:54:08Z,2
2026-07-31T17:59:08Z,2026-07-31T17:59:09Z,1
2026-07-31T18:04:09Z,2026-07-31T18:04:11Z,2
2026-07-31T18:09:11Z,2026-07-31T18:09:12Z,1
2026-07-31T18:14:12Z,2026-07-31T18:14:13Z,1
2026-07-31T18:19:13Z,2026-07-31T18:19:15Z,2
2026-07-31T18:24:15Z,2026-07-31T18:24:16Z,1
2026-07-31T18:29:16Z,2026-07-31T18:29:18Z,2
2026-07-31T18:34:18Z,2026-07-31T18:34:19Z,1
2026-07-31T18:39:19Z,2026-07-31T18:39:20Z,1
2026-07-31T18:44:20Z,2026-07-31T18:44:22Z,2
2026-07-31T18:49:22Z,2026-07-31T18:49:23Z,1
2026-07-31T18:54:23Z,2026-07-31T18:54:25Z,2
2026-07-31T18:59:25Z,2026-07-31T18:59:27Z,2
2026-07-31T19:04:27Z,2026-07-31T19:04:28Z,1
2026-07-31T19:09:28Z,2026-07-31T19:09:30Z,2
2026-07-31T19:14:30Z,2026-07-31T19:14:31Z,1
2026-07-31T19:19:31Z,2026-07-31T19:19:33Z,2
2026-07-31T19:24:33Z,2026-07-31T19:24:35Z,2
2026-07-31T19:29:35Z,2026-07-31T19:29:36Z,1
2026-07-31T19:34:36Z,2026-07-31T19:34:38Z,2
2026-07-31T19:39:38Z,2026-07-31T19:39:39Z,1
2026-07-31T19:44:39Z,2026-07-31T19:44:41Z,2
2026-07-31T19:49:41Z,2026-07-31T19:49:43Z,2
2026-07-31T19:54:43Z,2026-07-31T19:54:44Z,1
2026-07-31T19:59:44Z,2026-07-31T19:59:52Z,8
2026-07-31T20:04:52Z,2026-07-31T20:04:54Z,2
2026-07-31T20:09:54Z,2026-07-31T20:09:56Z,2
2026-07-31T20:14:56Z,2026-07-31T20:14:57Z,1
2026-07-31T20:19:57Z,2026-07-31T20:19:59Z,2
2026-07-31T20:24:59Z,2026-07-31T20:25:00Z,1
2026-07-31T20:30:00Z,2026-07-31T20:30:02Z,2
2026-07-31T20:35:02Z,2026-07-31T20:35:04Z,2
2026-07-31T20:40:04Z,2026-07-31T20:40:05Z,1
2026-07-31T20:45:05Z,2026-07-31T20:45:07Z,2
2026-07-31T20:50:07Z,2026-07-31T20:50:09Z,2
2026-07-31T20:55:09Z,2026-07-31T20:55:11Z,2
2026-07-31T21:00:11Z,2026-07-31T21:00:13Z,2
2026-07-31T21:05:13Z,2026-07-31T21:05:16Z,3
2026-07-31T21:10:16Z,2026-07-31T21:10:18Z,2
2026-07-31T21:15:18Z,2026-07-31T21:15:21Z,3
2026-07-31T21:20:21Z,2026-07-31T21:20:23Z,2
2026-07-31T21:25:23Z,2026-07-31T21:25:25Z,2
2026-07-31T21:30:25Z,2026-07-31T21:30:27Z,2
2026-07-31T21:35:27Z,2026-07-31T21:35:29Z,2
2026-07-31T21:40:29Z,2026-07-31T21:40:32Z,3
2026-07-31T21:45:32Z,2026-07-31T21:45:34Z,2
2026-07-31T21:50:34Z,2026-07-31T21:50:36Z,2
2026-07-31T21:55:36Z,2026-07-31T21:55:42Z,6
2026-07-31T22:00:42Z,2026-07-31T22:00:45Z,3
2026-07-31T22:05:45Z,2026-07-31T22:05:47Z,2
2026-07-31T22:10:47Z,2026-07-31T22:10:49Z,2
2026-07-31T22:15:49Z,2026-07-31T22:15:50Z,1
2026-07-31T22:20:50Z,2026-07-31T22:20:52Z,2
2026-07-31T22:25:52Z,2026-07-31T22:25:54Z,2
2026-07-31T22:30:54Z,2026-07-31T22:30:56Z,2
2026-07-31T22:35:56Z,2026-07-31T22:35:59Z,3
2026-07-31T22:40:59Z,2026-07-31T22:41:01Z,2
2026-07-31T22:46:01Z,2026-07-31T22:46:04Z,3
2026-07-31T22:51:04Z,2026-07-31T22:51:06Z,2
2026-07-31T22:56:06Z,2026-07-31T22:56:09Z,3
2026-07-31T23:01:09Z,2026-07-31T23:01:11Z,2
2026-07-31T23:06:11Z,2026-07-31T23:06:15Z,4
2026-07-31T23:11:15Z,2026-07-31T23:11:20Z,5
2026-07-31T23:16:20Z,2026-07-31T23:16:23Z,3
2026-07-31T23:21:23Z,2026-07-31T23:21:25Z,2
2026-07-31T23:26:25Z,2026-07-31T23:26:28Z,3
2026-07-31T23:31:28Z,2026-07-31T23:31:31Z,3
2026-07-31T23:36:31Z,2026-07-31T23:36:33Z,2
2026-07-31T23:41:33Z,2026-07-31T23:41:36Z,3
2026-07-31T23:46:36Z,2026-07-31T23:46:39Z,3
2026-07-31T23:51:39Z,2026-07-31T23:51:42Z,3
2026-07-31T23:56:42Z,2026-07-31T23:56:45Z,3
2026-08-01T00:01:45Z,2026-08-01T00:01:48Z,3
2026-08-01T00:06:48Z,2026-08-01T00:06:52Z,4
2026-08-01T00:11:52Z,2026-08-01T00:11:55Z,3
2026-08-01T00:16:55Z,2026-08-01T00:16:59Z,4
2026-08-01T00:21:59Z,2026-08-01T00:22:11Z,12
2026-08-01T00:27:11Z,2026-08-01T00:27:20Z,9
2026-08-01T00:32:20Z,2026-08-01T00:32:24Z,4
2026-08-01T00:37:24Z,2026-08-01T00:37:27Z,3
2026-08-01T00:42:27Z,2026-08-01T00:42:29Z,2
2026-08-01T00:47:29Z,2026-08-01T00:47:31Z,2
2026-08-01T00:52:31Z,2026-08-01T00:52:33Z,2
2026-08-01T00:57:33Z,2026-08-01T00:57:36Z,3
2026-08-01T01:02:36Z,2026-08-01T01:02:39Z,3
2026-08-01T01:07:39Z,2026-08-01T01:07:42Z,3
2026-08-01T01:12:42Z,2026-08-01T01:12:45Z,3
2026-08-01T01:17:45Z,2026-08-01T01:17:48Z,3
2026-08-01T01:22:48Z,2026-08-01T01:22:51Z,3
2026-08-01T01:27:51Z,2026-08-01T01:27:54Z,3
2026-08-01T01:32:54Z,2026-08-01T01:32:57Z,3
2026-08-01T01:37:57Z,2026-08-01T01:38:00Z,3
2026-08-01T01:43:00Z,2026-08-01T01:43:03Z,3
2026-08-01T01:48:03Z,2026-08-01T01:48:09Z,6
2026-08-01T01:53:09Z,2026-08-01T01:53:15Z,6
2026-08-01T01:58:15Z,2026-08-01T01:58:18Z,3
2026-08-01T02:03:18Z,2026-08-01T02:03:22Z,4
2026-08-01T02:08:22Z,2026-08-01T02:08:25Z,3
2026-08-01T02:13:25Z,2026-08-01T02:13:29Z,4
2026-08-01T02:18:29Z,2026-08-01T02:18:32Z,3
2026-08-01T02:23:32Z,2026-08-01T02:23:36Z,4
2026-08-01T02:28:36Z,2026-08-01T02:28:39Z,3
2026-08-01T02:33:39Z,2026-08-01T02:33:43Z,4
2026-08-01T02:38:43Z,2026-08-01T02:38:46Z,3
2026-08-01T02:43:46Z,2026-08-01T02:43:50Z,4
2026-08-01T02:48:50Z,2026-08-01T02:48:56Z,6
2026-08-01T02:53:56Z,2026-08-01T02:54:00Z,4
2026-08-01T02:59:00Z,2026-08-01T02:59:04Z,4
2026-08-01T03:04:04Z,2026-08-01T03:04:07Z,3
2026-08-01T03:09:07Z,2026-08-01T03:09:11Z,4
2026-08-01T03:14:11Z,2026-08-01T03:14:16Z,5
2026-08-01T03:19:16Z,2026-08-01T03:19:35Z,19
2026-08-01T03:24:35Z,2026-08-01T03:24:59Z,24
2026-08-01T03:29:59Z,2026-08-01T03:30:06Z,7
2026-08-01T03:35:06Z,2026-08-01T03:35:09Z,3
2026-08-01T03:40:09Z,2026-08-01T03:40:13Z,4
2026-08-01T03:45:13Z,2026-08-01T03:45:16Z,3
2026-08-01T03:50:16Z,2026-08-01T03:50:19Z,3
2026-08-01T03:55:19Z,2026-08-01T03:55:22Z,3
2026-08-01T04:00:22Z,2026-08-01T04:00:26Z,4
2026-08-01T04:05:26Z,2026-08-01T04:05:32Z,6
2026-08-01T04:10:32Z,2026-08-01T04:10:37Z,5
2026-08-01T04:15:37Z,2026-08-01T04:15:41Z,4
2026-08-01T04:20:41Z,2026-08-01T04:20:45Z,4
2026-08-01T04:25:45Z,2026-08-01T04:25:48Z,3
2026-08-01T04:30:48Z,2026-08-01T04:30:54Z,6
2026-08-01T04:35:54Z,2026-08-01T04:35:57Z,3
2026-08-01T04:40:57Z,2026-08-01T04:41:01Z,4
2026-08-01T04:46:01Z,2026-08-01T04:46:08Z,7
2026-08-01T04:51:08Z,2026-08-01T04:51:18Z,10
2026-08-01T04:56:18Z,2026-08-01T04:56:22Z,4
2026-08-01T05:01:22Z,2026-08-01T05:01:26Z,4
2026-08-01T05:06:26Z,2026-08-01T05:06:30Z,4
2026-08-01T05:11:30Z,2026-08-01T05:11:35Z,5
2026-08-01T05:16:35Z,2026-08-01T05:16:39Z,4
2026-08-01T05:21:39Z,2026-08-01T05:21:44Z,5
2026-08-01T05:26:44Z,2026-08-01T05:26:49Z,5
2026-08-01T05:31:49Z,2026-08-01T05:31:53Z,4
2026-08-01T05:36:53Z,2026-08-01T05:36:58Z,5
2026-08-01T05:41:58Z,2026-08-01T05:42:02Z,4
2026-08-01T05:47:02Z,2026-08-01T05:47:06Z,4
2026-08-01T05:52:06Z,2026-08-01T05:52:14Z,8
2026-08-01T05:57:14Z,2026-08-01T05:57:27Z,13
2026-08-01T06:02:27Z,2026-08-01T06:02:39Z,12
2026-08-01T06:07:39Z,2026-08-01T06:07:46Z,7
2026-08-01T06:12:46Z,2026-08-01T06:12:51Z,5
2026-08-01T06:17:51Z,2026-08-01T06:18:01Z,10
2026-08-01T06:23:01Z,2026-08-01T06:23:09Z,8
2026-08-01T06:28:09Z,2026-08-01T06:28:34Z,25
2026-08-01T06:33:34Z,2026-08-01T06:34:18Z,44
2026-08-01T06:39:18Z,2026-08-01T06:39:43Z,25
2026-08-01T06:44:43Z,2026-08-01T06:45:03Z,20
2026-08-01T06:50:03Z,2026-08-01T06:50:15Z,12
2026-08-01T06:55:15Z,2026-08-01T06:55:48Z,33
2026-08-01T07:00:48Z,2026-08-01T07:01:17Z,29
2026-08-01T07:06:17Z,2026-08-01T07:06:44Z,27
2026-08-01T07:11:44Z,2026-08-01T07:11:58Z,14
2026-08-01T07:16:58Z,2026-08-01T07:17:04Z,6
2026-08-01T07:22:04Z,2026-08-01T07:22:08Z,4
2026-08-01T07:27:08Z,2026-08-01T07:27:12Z,4
2026-08-01T07:32:12Z,2026-08-01T07:32:17Z,5
2026-08-01T07:37:17Z,2026-08-01T07:37:21Z,4
2026-08-01T07:42:21Z,2026-08-01T07:42:25Z,4
2026-08-01T07:47:25Z,2026-08-01T07:47:30Z,5
2026-08-01T07:52:30Z,2026-08-01T07:52:44Z,14
2026-08-01T07:57:44Z,2026-08-01T07:57:50Z,6
2026-08-01T08:02:50Z,2026-08-01T08:03:08Z,18
2026-08-01T08:08:08Z,2026-08-01T08:08:13Z,5
2026-08-01T08:13:13Z,2026-08-01T08:13:18Z,5
2026-08-01T08:18:18Z,2026-08-01T08:18:24Z,6
2026-08-01T08:23:24Z,2026-08-01T08:23:29Z,5
2026-08-01T08:28:29Z,2026-08-01T08:28:36Z,7
2026-08-01T08:33:36Z,2026-08-01T08:33:41Z,5
2026-08-01T08:38:41Z,2026-08-01T08:38:45Z,4
2026-08-01T08:43:45Z,2026-08-01T08:43:46Z,1
2026-08-01T08:48:46Z,2026-08-01T08:48:56Z,10
2026-08-01T08:53:56Z,2026-08-01T08:54:03Z,7
2026-08-01T08:59:03Z,2026-08-01T08:59:15Z,12
2026-08-01T09:04:15Z,2026-08-01T09:04:50Z,35
2026-08-01T09:09:50Z,2026-08-01T09:10:34Z,44
2026-08-01T09:15:34Z,2026-08-01T09:16:27Z,53
2026-08-01T09:21:27Z,2026-08-01T09:22:25Z,58
2026-08-01T09:27:25Z,2026-08-01T09:28:15Z,50
2026-08-01T09:33:15Z,2026-08-01T09:34:14Z,59
2026-08-01T09:39:14Z,2026-08-01T09:40:01Z,47
2026-08-01T09:45:01Z,2026-08-01T09:46:04Z,63
2026-08-01T09:51:04Z,2026-08-01T09:51:59Z,55
2026-08-01T09:56:59Z,2026-08-01T09:57:59Z,60
2026-08-01T10:02:59Z,2026-08-01T10:03:35Z,36
2026-08-01T10:08:35Z,2026-08-01T10:08:59Z,24
2026-08-01T10:13:59Z,2026-08-01T10:14:13Z,14
2026-08-01T10:19:13Z,2026-08-01T10:19:35Z,22
2026-08-01T10:24:35Z,2026-08-01T10:25:04Z,29
2026-08-01T10:30:04Z,2026-08-01T10:30:46Z,42
2026-08-01T10:35:46Z,2026-08-01T10:36:32Z,46
2026-08-01T10:41:32Z,2026-08-01T10:42:14Z,42
2026-08-01T10:47:14Z,2026-08-01T10:48:12Z,58
2026-08-01T10:53:12Z,2026-08-01T10:53:56Z,44
2026-08-01T10:58:56Z,2026-08-01T10:59:53Z,57
2026-08-01T11:04:53Z,2026-08-01T11:05:47Z,54
2026-08-01T11:10:47Z,2026-08-01T11:11:43Z,56
2026-08-01T11:16:43Z,2026-08-01T11:17:34Z,51
2026-08-01T11:22:34Z,2026-08-01T11:23:30Z,56
2026-08-01T11:28:30Z,2026-08-01T11:29:23Z,53
2026-08-01T11:34:23Z,2026-08-01T11:35:22Z,59
2026-08-01T11:40:22Z,2026-08-01T11:41:21Z,59
2026-08-01T11:46:21Z,2026-08-01T11:47:16Z,55
2026-08-01T11:52:16Z,2026-08-01T11:52:42Z,26
2026-08-01T11:57:42Z,2026-08-01T11:58:14Z,32
2026-08-01T12:03:14Z,2026-08-01T12:03:34Z,20
2026-08-01T12:08:34Z,2026-08-01T12:09:34Z,60
2026-08-01T12:14:34Z,2026-08-01T12:16:27Z,113
2026-08-01T12:21:27Z,2026-08-01T12:22:07Z,40
2026-08-01T12:27:07Z,2026-08-01T12:27:47Z,40
2026-08-01T12:32:47Z,2026-08-01T12:33:04Z,17
2026-08-01T12:38:04Z,2026-08-01T12:38:15Z,11
2026-08-01T12:43:15Z,2026-08-01T12:43:21Z,6
2026-08-01T12:48:21Z,2026-08-01T12:48:23Z,2
2026-08-01T12:53:23Z,2026-08-01T12:53:24Z,1
2026-08-01T12:58:24Z,2026-08-01T12:58:26Z,2
2026-08-01T13:03:26Z,2026-08-01T13:03:28Z,2
2026-08-01T13:08:28Z,2026-08-01T13:08:30Z,2
2026-08-01T13:13:30Z,2026-08-01T13:13:32Z,2
2026-08-01T13:18:32Z,2026-08-01T13:18:33Z,1
2026-08-01T13:23:33Z,2026-08-01T13:23:35Z,2
2026-08-01T13:28:35Z,2026-08-01T13:28:38Z,3
2026-08-01T13:33:38Z,2026-08-01T13:33:40Z,2
2026-08-01T13:38:40Z,2026-08-01T13:38:42Z,2
2026-08-01T13:43:42Z,2026-08-01T13:43:44Z,2
2026-08-01T13:48:44Z,2026-08-01T13:48:46Z,2
2026-08-01T13:53:46Z,2026-08-01T13:53:48Z,2
2026-08-01T13:58:48Z,2026-08-01T13:58:50Z,2
2026-08-01T14:03:50Z,2026-08-01T14:03:52Z,2
2026-08-01T14:08:52Z,2026-08-01T14:08:54Z,2
2026-08-01T14:13:54Z,2026-08-01T14:13:56Z,2
2026-08-01T14:18:56Z,2026-08-01T14:18:59Z,3
2026-08-01T14:23:59Z,2026-08-01T14:24:01Z,2
2026-08-01T14:29:01Z,2026-08-01T14:29:03Z,2
2026-08-01T14:34:03Z,2026-08-01T14:34:25Z,22
2026-08-01T14:39:25Z,2026-08-01T14:39:45Z,20
2026-08-01T14:44:45Z,2026-08-01T14:45:05Z,20
2026-08-01T14:50:05Z,2026-08-01T14:50:08Z,3
2026-08-01T14:55:08Z,2026-08-01T14:55:11Z,3
2026-08-01T15:00:11Z,2026-08-01T15:00:12Z,1
2026-08-01T15:05:12Z,2026-08-01T15:05:14Z,2
2026-08-01T15:10:14Z,2026-08-01T15:10:16Z,2
2026-08-01T15:15:16Z,2026-08-01T15:15:18Z,2
2026-08-01T15:20:18Z,2026-08-01T15:20:20Z,2
2026-08-01T15:25:20Z,2026-08-01T15:25:22Z,2
2026-08-01T15:30:22Z,2026-08-01T15:30:24Z,2
2026-08-01T15:35:24Z,2026-08-01T15:35:26Z,2
2026-08-01T15:40:26Z,2026-08-01T15:40:28Z,2
2026-08-01T15:45:28Z,2026-08-01T15:45:30Z,2
2026-08-01T15:50:30Z,2026-08-01T15:50:32Z,2
2026-08-01T15:55:32Z,2026-08-01T15:55:35Z,3
2026-08-01T16:00:35Z,2026-08-01T16:00:37Z,2
2026-08-01T16:05:37Z,2026-08-01T16:05:39Z,2
2026-08-01T16:10:39Z,2026-08-01T16:10:41Z,2
2026-08-01T16:15:41Z,2026-08-01T16:15:59Z,18
2026-08-01T16:20:59Z,2026-08-01T16:21:16Z,17
2026-08-01T16:26:16Z,2026-08-01T16:26:32Z,16
2026-08-01T16:31:32Z,2026-08-01T16:31:50Z,18
2026-08-01T16:36:50Z,2026-08-01T16:37:06Z,16
2026-08-01T16:42:06Z,2026-08-01T16:42:22Z,16
2026-08-01T16:47:22Z,2026-08-01T16:47:38Z,16
2026-08-01T16:52:38Z,2026-08-01T16:52:54Z,16
2026-08-01T16:57:54Z,2026-08-01T16:58:11Z,17
2026-08-01T17:03:11Z,2026-08-01T17:03:26Z,15
2026-08-01T17:08:26Z,2026-08-01T17:08:43Z,17
2026-08-01T17:13:43Z,2026-08-01T17:13:59Z,16
2026-08-01T17:18:59Z,2026-08-01T17:19:12Z,13
2026-08-01T17:24:12Z,2026-08-01T17:24:17Z,5
2026-08-01T17:29:17Z,2026-08-01T17:29:20Z,3
2026-08-01T17:34:20Z,2026-08-01T17:34:22Z,2
2026-08-01T17:39:22Z,2026-08-01T17:39:24Z,2
2026-08-01T17:44:24Z,2026-08-01T17:44:27Z,3
2026-08-01T17:49:27Z,2026-08-01T17:49:29Z,2
2026-08-01T17:54:29Z,2026-08-01T17:54:31Z,2
2026-08-01T17:59:31Z,2026-08-01T17:59:33Z,2
2026-08-01T18:04:33Z,2026-08-01T18:04:35Z,2
2026-08-01T18:09:35Z,2026-08-01T18:09:37Z,2
2026-08-01T18:14:37Z,2026-08-01T18:14:40Z,3
2026-08-01T18:19:40Z,2026-08-01T18:19:42Z,2
2026-08-01T18:24:42Z,2026-08-01T18:24:45Z,3
2026-08-01T18:29:45Z,2026-08-01T18:29:47Z,2
2026-08-01T18:34:47Z,2026-08-01T18:34:49Z,2
2026-08-01T18:39:49Z,2026-08-01T18:39:52Z,3
2026-08-01T18:44:52Z,2026-08-01T18:44:54Z,2
2026-08-01T18:49:54Z,2026-08-01T18:49:57Z,3
2026-08-01T18:54:57Z,2026-08-01T18:55:02Z,5
2026-08-01T19:00:02Z,2026-08-01T19:00:09Z,7
2026-08-01T19:05:09Z,2026-08-01T19:05:16Z,7
2026-08-01T19:10:16Z,2026-08-01T19:10:19Z,3
2026-08-01T19:15:19Z,2026-08-01T19:15:37Z,18
2026-08-01T19:20:37Z,2026-08-01T19:20:52Z,15
2026-08-01T19:25:52Z,2026-08-01T19:26:04Z,12
2026-08-01T19:31:04Z,2026-08-01T19:31:21Z,17
2026-08-01T19:36:21Z,2026-08-01T19:36:31Z,10
2026-08-01T19:41:31Z,2026-08-01T19:41:40Z,9
2026-08-01T19:46:40Z,2026-08-01T19:46:56Z,16
2026-08-01T19:51:56Z,2026-08-01T19:52:08Z,12
2026-08-01T19:57:08Z,2026-08-01T19:57:17Z,9
2026-08-01T20:02:17Z,2026-08-01T20:02:39Z,22
2026-08-01T20:07:39Z,2026-08-01T20:07:51Z,12
2026-08-01T20:12:51Z,2026-08-01T20:13:00Z,9
2026-08-01T20:18:00Z,2026-08-01T20:18:18Z,18
2026-08-01T20:23:18Z,2026-08-01T20:23:30Z,12
2026-08-01T20:28:30Z,2026-08-01T20:28:40Z,10
2026-08-01T20:33:40Z,2026-08-01T20:33:50Z,10
2026-08-01T20:38:50Z,2026-08-01T20:38:53Z,3
2026-08-01T20:43:53Z,2026-08-01T20:43:56Z,3
2026-08-01T20:48:56Z,2026-08-01T20:48:59Z,3
2026-08-01T20:53:59Z,2026-08-01T20:54:01Z,2
2026-08-01T20:59:01Z,2026-08-01T20:59:04Z,3
2026-08-01T21:04:04Z,2026-08-01T21:04:07Z,3
2026-08-01T21:09:07Z,2026-08-01T21:09:09Z,2
2026-08-01T21:14:09Z,2026-08-01T21:14:12Z,3
2026-08-01T21:19:12Z,2026-08-01T21:19:15Z,3
2026-08-01T21:24:15Z,2026-08-01T21:24:18Z,3
2026-08-01T21:29:18Z,2026-08-01T21:29:22Z,4
2026-08-01T21:34:22Z,2026-08-01T21:34:25Z,3
2026-08-01T21:39:25Z,2026-08-01T21:39:29Z,4
2026-08-01T21:44:29Z,2026-08-01T21:44:32Z,3
2026-08-01T21:49:32Z,2026-08-01T21:49:36Z,4
2026-08-01T21:54:36Z,2026-08-01T21:54:40Z,4
2026-08-01T21:59:40Z,2026-08-01T21:59:43Z,3
2026-08-01T22:04:43Z,2026-08-01T22:04:47Z,4
2026-08-01T22:09:47Z,2026-08-01T22:09:51Z,4
2026-08-01T22:14:51Z,2026-08-01T22:14:54Z,3
2026-08-01T22:19:54Z,2026-08-01T22:20:00Z,6
2026-08-01T22:25:00Z,2026-08-01T22:25:06Z,6
2026-08-01T22:30:06Z,2026-08-01T22:30:26Z,20
2026-08-01T22:35:26Z,2026-08-01T22:35:47Z,21
2026-08-01T22:40:47Z,2026-08-01T22:41:05Z,18
2026-08-01T22:46:05Z,2026-08-01T22:46:26Z,21
2026-08-01T22:51:26Z,2026-08-01T22:51:43Z,17
2026-08-01T22:56:43Z,2026-08-01T22:57:01Z,18
2026-08-01T23:02:01Z,2026-08-01T23:02:20Z,19
2026-08-01T23:07:20Z,2026-08-01T23:07:42Z,22
2026-08-01T23:12:42Z,2026-08-01T23:12:59Z,17
2026-08-01T23:17:59Z,2026-08-01T23:18:18Z,19
2026-08-01T23:23:18Z,2026-08-01T23:23:36Z,18
2026-08-01T23:28:36Z,2026-08-01T23:28:54Z,18
2026-08-01T23:33:54Z,2026-08-01T23:34:12Z,18
2026-08-01T23:39:12Z,2026-08-01T23:39:32Z,20
2026-08-01T23:44:32Z,2026-08-01T23:44:53Z,21
2026-08-01T23:49:53Z,2026-08-01T23:50:12Z,19
2026-08-01T23:55:12Z,2026-08-01T23:55:33Z,21
2026-08-02T00:00:33Z,2026-08-02T00:00:55Z,22
2026-08-02T00:05:55Z,2026-08-02T00:06:15Z,20
2026-08-02T00:11:15Z,2026-08-02T00:11:37Z,22
2026-08-02T00:16:37Z,2026-08-02T00:16:57Z,20
2026-08-02T00:21:57Z,2026-08-02T00:22:09Z,12
2026-08-02T00:27:09Z,2026-08-02T00:27:19Z,10
2026-08-02T00:32:19Z,2026-08-02T00:32:25Z,6
2026-08-02T00:37:25Z,2026-08-02T00:37:30Z,5
2026-08-02T00:42:30Z,2026-08-02T00:42:36Z,6
2026-08-02T00:47:36Z,2026-08-02T00:47:40Z,4
2026-08-02T00:52:40Z,2026-08-02T00:52:44Z,4
2026-08-02T00:57:44Z,2026-08-02T00:57:48Z,4
2026-08-02T01:02:48Z,2026-08-02T01:02:52Z,4
2026-08-02T01:07:52Z,2026-08-02T01:07:57Z,5
2026-08-02T01:12:57Z,2026-08-02T01:13:05Z,8
2026-08-02T01:18:05Z,2026-08-02T01:18:15Z,10
2026-08-02T01:23:15Z,2026-08-02T01:23:21Z,6
2026-08-02T01:28:21Z,2026-08-02T01:28:46Z,25
2026-08-02T01:33:46Z,2026-08-02T01:34:05Z,19
2026-08-02T01:39:05Z,2026-08-02T01:39:31Z,26
2026-08-02T01:44:31Z,2026-08-02T01:45:01Z,30
2026-08-02T01:50:01Z,2026-08-02T01:50:23Z,22
2026-08-02T01:55:23Z,2026-08-02T01:55:42Z,19
2026-08-02T02:00:42Z,2026-08-02T02:00:59Z,17
2026-08-02T02:05:59Z,2026-08-02T02:06:18Z,19
2026-08-02T02:11:18Z,2026-08-02T02:11:40Z,22
2026-08-02T02:16:40Z,2026-08-02T02:16:59Z,19
2026-08-02T02:21:59Z,2026-08-02T02:22:16Z,17
2026-08-02T02:27:16Z,2026-08-02T02:27:41Z,25
2026-08-02T02:32:41Z,2026-08-02T02:32:59Z,18
2026-08-02T02:37:59Z,2026-08-02T02:38:25Z,26
2026-08-02T02:43:25Z,2026-08-02T02:43:43Z,18
2026-08-02T02:48:43Z,2026-08-02T02:49:10Z,27
2026-08-02T02:54:10Z,2026-08-02T02:54:29Z,19
2026-08-02T02:59:29Z,2026-08-02T02:59:56Z,27
2026-08-02T03:04:56Z,2026-08-02T03:05:20Z,24
2026-08-02T03:10:20Z,2026-08-02T03:10:46Z,26
2026-08-02T03:15:46Z,2026-08-02T03:16:12Z,26
2026-08-02T03:21:12Z,2026-08-02T03:21:40Z,28
2026-08-02T03:26:40Z,2026-08-02T03:27:06Z,26
2026-08-02T03:32:06Z,2026-08-02T03:32:41Z,35
2026-08-02T03:37:41Z,2026-08-02T03:38:09Z,28
2026-08-02T03:43:09Z,2026-08-02T03:43:39Z,30
2026-08-02T03:48:39Z,2026-08-02T03:49:08Z,29
2026-08-02T03:54:08Z,2026-08-02T03:54:43Z,35
2026-08-02T03:59:43Z,2026-08-02T04:00:15Z,32
2026-08-02T04:05:15Z,2026-08-02T04:05:51Z,36
2026-08-02T04:10:51Z,2026-08-02T04:11:28Z,37
2026-08-02T04:16:28Z,2026-08-02T04:17:09Z,41
2026-08-02T04:22:09Z,2026-08-02T04:22:52Z,43
2026-08-02T04:27:52Z,2026-08-02T04:28:38Z,46
2026-08-02T04:33:38Z,2026-08-02T04:34:24Z,46
2026-08-02T04:39:24Z,2026-08-02T04:40:11Z,47
2026-08-02T04:45:11Z,2026-08-02T04:45:57Z,46
2026-08-02T04:50:57Z,2026-08-02T04:51:33Z,36
2026-08-02T04:56:33Z,2026-08-02T04:57:10Z,37
2026-08-02T05:02:10Z,2026-08-02T05:02:45Z,35
2026-08-02T05:07:45Z,2026-08-02T05:08:22Z,37
2026-08-02T05:13:22Z,2026-08-02T05:13:55Z,33
2026-08-02T05:18:55Z,2026-08-02T05:19:11Z,16
2026-08-02T05:24:11Z,2026-08-02T05:24:30Z,19
2026-08-02T05:29:30Z,2026-08-02T05:29:41Z,11
2026-08-02T05:34:41Z,2026-08-02T05:34:46Z,5
2026-08-02T05:39:46Z,2026-08-02T05:39:55Z,9
2026-08-02T05:44:55Z,2026-08-02T05:45:08Z,13
2026-08-02T05:50:08Z,2026-08-02T05:50:15Z,7
2026-08-02T05:55:15Z,2026-08-02T05:55:20Z,5
2026-08-02T06:00:20Z,2026-08-02T06:00:38Z,18
2026-08-02T06:05:38Z,2026-08-02T06:06:03Z,25
2026-08-02T06:11:03Z,2026-08-02T06:11:24Z,21
2026-08-02T06:16:24Z,2026-08-02T06:16:42Z,18
2026-08-02T06:21:42Z,2026-08-02T06:22:06Z,24
2026-08-02T06:27:06Z,2026-08-02T06:27:33Z,27
2026-08-02T06:32:33Z,2026-08-02T06:33:04Z,31
2026-08-02T06:38:04Z,2026-08-02T06:38:26Z,22
2026-08-02T06:43:26Z,2026-08-02T06:43:50Z,24
2026-08-02T06:48:50Z,2026-08-02T06:49:16Z,26
2026-08-02T06:54:16Z,2026-08-02T06:54:53Z,37
2026-08-02T06:59:53Z,2026-08-02T07:00:18Z,25
2026-08-02T07:05:18Z,2026-08-02T07:05:55Z,37
2026-08-02T07:10:55Z,2026-08-02T07:11:24Z,29
2026-08-02T07:16:24Z,2026-08-02T07:17:02Z,38
2026-08-02T07:22:02Z,2026-08-02T07:22:42Z,40
2026-08-02T07:27:42Z,2026-08-02T07:28:25Z,43
2026-08-02T07:33:25Z,2026-08-02T07:34:08Z,43
2026-08-02T07:39:08Z,2026-08-02T07:39:56Z,48
2026-08-02T07:44:56Z,2026-08-02T07:45:37Z,41
2026-08-02T07:50:37Z,2026-08-02T07:51:23Z,46
2026-08-02T07:56:23Z,2026-08-02T07:57:04Z,41
2026-08-02T08:02:04Z,2026-08-02T08:02:53Z,49
2026-08-02T08:07:53Z,2026-08-02T08:08:47Z,54
2026-08-02T08:13:47Z,2026-08-02T08:14:47Z,60
2026-08-02T08:19:47Z,2026-08-02T08:20:41Z,54
2026-08-02T08:25:41Z,2026-08-02T08:26:42Z,61
2026-08-02T08:31:42Z,2026-08-02T08:32:38Z,56
2026-08-02T08:37:38Z,2026-08-02T08:38:42Z,64
2026-08-02T08:43:42Z,2026-08-02T08:44:46Z,64
2026-08-02T08:49:46Z,2026-08-02T08:50:45Z,59
2026-08-02T08:55:45Z,2026-08-02T08:56:44Z,59
2026-08-02T09:01:44Z,2026-08-02T09:02:43Z,59
2026-08-02T09:07:43Z,2026-08-02T09:08:20Z,37
2026-08-02T09:13:20Z,2026-08-02T09:14:00Z,40
2026-08-02T09:19:00Z,2026-08-02T09:19:53Z,53
2026-08-02T09:24:53Z,2026-08-02T09:25:36Z,43
2026-08-02T09:30:36Z,2026-08-02T09:31:28Z,52
2026-08-02T09:36:28Z,2026-08-02T09:37:21Z,53
2026-08-02T09:42:21Z,2026-08-02T09:43:23Z,62
2026-08-02T09:48:23Z,2026-08-02T09:49:25Z,62
2026-08-02T09:54:25Z,2026-08-02T09:55:25Z,60
2026-08-02T10:00:25Z,2026-08-02T10:01:25Z,60
2026-08-02T10:06:25Z,2026-08-02T10:07:25Z,60
2026-08-02T10:12:25Z,2026-08-02T10:13:29Z,64
2026-08-02T10:18:29Z,2026-08-02T10:19:35Z,66
2026-08-02T10:24:35Z,2026-08-02T10:25:40Z,65
2026-08-02T10:30:40Z,2026-08-02T10:31:45Z,65
2026-08-02T10:36:45Z,2026-08-02T10:37:53Z,68
2026-08-02T10:42:53Z,2026-08-02T10:44:03Z,70
2026-08-02T10:49:03Z,2026-08-02T10:50:22Z,79
2026-08-02T10:55:22Z,2026-08-02T10:56:34Z,72
2026-08-02T11:01:34Z,2026-08-02T11:02:29Z,55
2026-08-02T11:07:29Z,2026-08-02T11:08:27Z,58
2026-08-02T11:13:27Z,2026-08-02T11:14:21Z,54
2026-08-02T11:19:21Z,2026-08-02T11:20:07Z,46
2026-08-02T11:25:07Z,2026-08-02T11:25:41Z,34
2026-08-02T11:30:41Z,2026-08-02T11:31:00Z,19
2026-08-02T11:36:00Z,2026-08-02T11:36:18Z,18
2026-08-02T11:41:18Z,2026-08-02T11:41:25Z,7
2026-08-02T11:46:25Z,2026-08-02T11:46:33Z,8
2026-08-02T11:51:33Z,2026-08-02T11:51:39Z,6
2026-08-02T11:56:39Z,2026-08-02T11:57:19Z,40
2026-08-02T12:02:19Z,2026-08-02T12:02:59Z,40
2026-08-02T12:07:59Z,2026-08-02T12:08:42Z,43
2026-08-02T12:13:42Z,2026-08-02T12:14:26Z,44
2026-08-02T12:19:26Z,2026-08-02T12:20:08Z,42
2026-08-02T12:25:08Z,2026-08-02T12:25:53Z,45
2026-08-02T12:30:53Z,2026-08-02T12:32:32Z,99
2026-08-02T12:37:32Z,2026-08-02T12:38:31Z,59
2026-08-02T12:43:31Z,2026-08-02T12:45:26Z,115
2026-08-02T12:50:26Z,2026-08-02T12:51:34Z,68
2026-08-02T12:56:34Z,2026-08-02T12:57:42Z,68
2026-08-02T13:02:42Z,2026-08-02T13:04:06Z,84
2026-08-02T13:09:06Z,2026-08-02T13:10:37Z,91
2026-08-02T13:15:37Z,2026-08-02T13:16:55Z,78
2026-08-02T13:21:55Z,2026-08-02T13:22:43Z,48
2026-08-02T13:27:43Z,2026-08-02T13:28:11Z,28
2026-08-02T13:33:11Z,2026-08-02T13:33:13Z,2
2026-08-02T13:38:13Z,2026-08-02T13:38:14Z,1
2026-08-02T13:43:14Z,2026-08-02T13:43:16Z,2
2026-08-02T13:48:16Z,2026-08-02T13:48:18Z,2
2026-08-02T13:53:18Z,2026-08-02T13:53:20Z,2
2026-08-02T13:58:20Z,2026-08-02T13:58:22Z,2
2026-08-02T14:03:22Z,2026-08-02T14:03:24Z,2
2026-08-02T14:08:24Z,2026-08-02T14:08:39Z,15
2026-08-02T14:13:39Z,2026-08-02T14:13:41Z,2
2026-08-02T14:18:41Z,2026-08-02T14:18:43Z,2
2026-08-02T14:23:43Z,2026-08-02T14:23:45Z,2
2026-08-02T14:28:45Z,2026-08-02T14:28:47Z,2
2026-08-02T14:33:47Z,2026-08-02T14:33:50Z,3
2026-08-02T14:38:50Z,2026-08-02T14:38:52Z,2
2026-08-02T14:43:52Z,2026-08-02T14:43:54Z,2
2026-08-02T14:48:54Z,2026-08-02T14:48:56Z,2
2026-08-02T14:53:56Z,2026-08-02T14:53:58Z,2
2026-08-02T14:58:58Z,2026-08-02T14:59:01Z,3
2026-08-02T15:04:01Z,2026-08-02T15:04:03Z,2
2026-08-02T15:09:03Z,2026-08-02T15:09:06Z,3
2026-08-02T15:14:06Z,2026-08-02T15:14:10Z,4
2026-08-02T15:19:10Z,2026-08-02T15:19:39Z,29
2026-08-02T15:24:39Z,2026-08-02T15:25:06Z,27
2026-08-02T15:30:06Z,2026-08-02T15:30:32Z,26
2026-08-02T15:35:32Z,2026-08-02T15:35:36Z,4
2026-08-02T15:40:36Z,2026-08-02T15:40:38Z,2
2026-08-02T15:45:38Z,2026-08-02T15:45:41Z,3
2026-08-02T15:50:41Z,2026-08-02T15:50:43Z,2
2026-08-02T15:55:43Z,2026-08-02T15:55:45Z,2
2026-08-02T16:00:45Z,2026-08-02T16:00:46Z,1
2026-08-02T16:05:46Z,2026-08-02T16:05:48Z,2
2026-08-02T16:10:48Z,2026-08-02T16:10:50Z,2
2026-08-02T16:15:50Z,2026-08-02T16:15:52Z,2
2026-08-02T16:20:52Z,2026-08-02T16:20:54Z,2
2026-08-02T16:25:54Z,2026-08-02T16:25:57Z,3
2026-08-02T16:30:57Z,2026-08-02T16:30:58Z,1
2026-08-02T16:35:58Z,2026-08-02T16:36:01Z,3
2026-08-02T16:41:01Z,2026-08-02T16:41:03Z,2
2026-08-02T16:46:03Z,2026-08-02T16:46:05Z,2
2026-08-02T16:51:05Z,2026-08-02T16:51:07Z,2
2026-08-02T16:56:07Z,2026-08-02T16:56:10Z,3
2026-08-02T17:01:10Z,2026-08-02T17:01:13Z,3
2026-08-02T17:06:13Z,2026-08-02T17:06:16Z,3
2026-08-02T17:11:16Z,2026-08-02T17:11:18Z,2
2026-08-02T17:16:18Z,2026-08-02T17:16:20Z,2
2026-08-02T17:21:20Z,2026-08-02T17:21:23Z,3
2026-08-02T17:26:23Z,2026-08-02T17:26:25Z,2
2026-08-02T17:31:25Z,2026-08-02T17:31:28Z,3
2026-08-02T17:36:28Z,2026-08-02T17:36:32Z,4
2026-08-02T17:41:32Z,2026-08-02T17:41:36Z,4
2026-08-02T17:46:36Z,2026-08-02T17:47:19Z,43
2026-08-02T17:52:19Z,2026-08-02T17:53:00Z,41
2026-08-02T17:58:00Z,2026-08-02T17:58:42Z,42
2026-08-02T18:03:42Z,2026-08-02T18:04:24Z,42
2026-08-02T18:09:24Z,2026-08-02T18:10:05Z,41
2026-08-02T18:15:05Z,2026-08-02T18:15:10Z,5
2026-08-02T18:20:10Z,2026-08-02T18:20:13Z,3
2026-08-02T18:25:13Z,2026-08-02T18:25:18Z,5
2026-08-02T18:30:18Z,2026-08-02T18:30:22Z,4
2026-08-02T18:35:22Z,2026-08-02T18:35:24Z,2
2026-08-02T18:40:24Z,2026-08-02T18:40:26Z,2
2026-08-02T18:45:26Z,2026-08-02T18:45:29Z,3
2026-08-02T18:50:29Z,2026-08-02T18:50:31Z,2
2026-08-02T18:55:31Z,2026-08-02T18:55:33Z,2
2026-08-02T19:00:33Z,2026-08-02T19:00:36Z,3
2026-08-02T19:05:36Z,2026-08-02T19:05:38Z,2
2026-08-02T19:10:38Z,2026-08-02T19:10:41Z,3
2026-08-02T19:15:41Z,2026-08-02T19:15:43Z,2
2026-08-02T19:20:43Z,2026-08-02T19:20:46Z,3
2026-08-02T19:25:46Z,2026-08-02T19:25:49Z,3
2026-08-02T19:30:49Z,2026-08-02T19:30:54Z,5
2026-08-02T19:35:54Z,2026-08-02T19:36:00Z,6
2026-08-02T19:41:00Z,2026-08-02T19:41:03Z,3
2026-08-02T19:46:03Z,2026-08-02T19:46:06Z,3
2026-08-02T19:51:06Z,2026-08-02T19:51:09Z,3
2026-08-02T19:56:09Z,2026-08-02T19:56:38Z,29
2026-08-02T20:01:38Z,2026-08-02T20:02:19Z,41
2026-08-02T20:07:19Z,2026-08-02T20:08:01Z,42
2026-08-02T20:13:01Z,2026-08-02T20:13:43Z,42
2026-08-02T20:18:43Z,2026-08-02T20:19:27Z,44
2026-08-02T20:24:27Z,2026-08-02T20:25:08Z,41
2026-08-02T20:30:08Z,2026-08-02T20:30:51Z,43
2026-08-02T20:35:51Z,2026-08-02T20:36:32Z,41
2026-08-02T20:41:32Z,2026-08-02T20:42:14Z,42
2026-08-02T20:47:14Z,2026-08-02T20:48:02Z,48
2026-08-02T20:53:02Z,2026-08-02T20:53:46Z,44
2026-08-02T20:58:46Z,2026-08-02T20:59:29Z,43
2026-08-02T21:04:29Z,2026-08-02T21:05:11Z,42
2026-08-02T21:10:11Z,2026-08-02T21:10:58Z,47
2026-08-02T21:15:58Z,2026-08-02T21:16:39Z,41
2026-08-02T21:21:39Z,2026-08-02T21:22:23Z,44
2026-08-02T21:27:23Z,2026-08-02T21:27:29Z,6
2026-08-02T21:32:29Z,2026-08-02T21:32:35Z,6
2026-08-02T21:37:35Z,2026-08-02T21:37:38Z,3
2026-08-02T21:42:38Z,2026-08-02T21:42:41Z,3
2026-08-02T21:47:41Z,2026-08-02T21:47:44Z,3
2026-08-02T21:52:44Z,2026-08-02T21:52:48Z,4
2026-08-02T21:57:48Z,2026-08-02T21:57:52Z,4
2026-08-02T22:02:52Z,2026-08-02T22:02:55Z,3
2026-08-02T22:07:55Z,2026-08-02T22:07:59Z,4
2026-08-02T22:12:59Z,2026-08-02T22:13:02Z,3
2026-08-02T22:18:02Z,2026-08-02T22:18:06Z,4
2026-08-02T22:23:06Z,2026-08-02T22:23:09Z,3
2026-08-02T22:28:09Z,2026-08-02T22:28:13Z,4
2026-08-02T22:33:13Z,2026-08-02T22:33:19Z,6
2026-08-02T22:38:19Z,2026-08-02T22:38:24Z,5
2026-08-02T22:43:24Z,2026-08-02T22:43:28Z,4
2026-08-02T22:48:28Z,2026-08-02T22:48:31Z,3
2026-08-02T22:53:31Z,2026-08-02T22:53:35Z,4
2026-08-02T22:58:35Z,2026-08-02T22:58:38Z,3
2026-08-02T23:03:38Z,2026-08-02T23:03:42Z,4
2026-08-02T23:08:42Z,2026-08-02T23:08:46Z,4
2026-08-02T23:13:46Z,2026-08-02T23:13:51Z,5
2026-08-02T23:18:51Z,2026-08-02T23:19:36Z,45
2026-08-02T23:24:36Z,2026-08-02T23:25:15Z,39
2026-08-02T23:30:15Z,2026-08-02T23:30:59Z,44
2026-08-02T23:35:59Z,2026-08-02T23:36:38Z,39
2026-08-02T23:41:38Z,2026-08-02T23:42:21Z,43
2026-08-02T23:47:21Z,2026-08-02T23:48:02Z,41
2026-08-02T23:53:02Z,2026-08-02T23:53:43Z,41
2026-08-02T23:58:43Z,2026-08-02T23:59:23Z,40
2026-08-03T00:04:23Z,2026-08-03T00:05:09Z,46
2026-08-03T00:10:09Z,2026-08-03T00:10:49Z,40
2026-08-03T00:15:49Z,2026-08-03T00:16:35Z,46
2026-08-03T00:21:35Z,2026-08-03T00:22:15Z,40
2026-08-03T00:27:15Z,2026-08-03T00:28:01Z,46
2026-08-03T00:33:01Z,2026-08-03T00:33:43Z,42
2026-08-03T00:38:43Z,2026-08-03T00:39:31Z,48
2026-08-03T00:44:31Z,2026-08-03T00:45:23Z,52
2026-08-03T00:50:23Z,2026-08-03T00:51:10Z,47
2026-08-03T00:56:10Z,2026-08-03T00:56:58Z,48
2026-08-03T01:01:58Z,2026-08-03T01:02:49Z,51
2026-08-03T01:07:49Z,2026-08-03T01:08:40Z,51
2026-08-03T01:13:40Z,2026-08-03T01:14:23Z,43
2026-08-03T01:19:23Z,2026-08-03T01:20:08Z,45
2026-08-03T01:25:08Z,2026-08-03T01:25:55Z,47
2026-08-03T01:30:55Z,2026-08-03T01:31:38Z,43
2026-08-03T01:36:38Z,2026-08-03T01:36:51Z,13
2026-08-03T01:41:51Z,2026-08-03T01:41:55Z,4
2026-08-03T01:46:55Z,2026-08-03T01:47:01Z,6
2026-08-03T01:52:01Z,2026-08-03T01:52:05Z,4
2026-08-03T01:57:05Z,2026-08-03T01:57:09Z,4
2026-08-03T02:02:09Z,2026-08-03T02:02:13Z,4
2026-08-03T02:07:13Z,2026-08-03T02:07:17Z,4
2026-08-03T02:12:17Z,2026-08-03T02:12:21Z,4
2026-08-03T02:17:21Z,2026-08-03T02:17:25Z,4
2026-08-03T02:22:25Z,2026-08-03T02:22:31Z,6
2026-08-03T02:27:31Z,2026-08-03T02:27:39Z,8
2026-08-03T02:32:39Z,2026-08-03T02:32:44Z,5
2026-08-03T02:37:44Z,2026-08-03T02:37:49Z,5
2026-08-03T02:42:49Z,2026-08-03T02:42:56Z,7
2026-08-03T02:47:56Z,2026-08-03T02:48:00Z,4
2026-08-03T02:53:00Z,2026-08-03T02:53:05Z,5
2026-08-03T02:58:05Z,2026-08-03T02:58:10Z,5
2026-08-03T03:03:10Z,2026-08-03T03:03:15Z,5
2026-08-03T03:08:15Z,2026-08-03T03:08:25Z,10
2026-08-03T03:13:25Z,2026-08-03T03:13:31Z,6
2026-08-03T03:18:31Z,2026-08-03T03:18:36Z,5
2026-08-03T03:23:36Z,2026-08-03T03:23:58Z,22
2026-08-03T03:28:58Z,2026-08-03T03:29:47Z,49
2026-08-03T03:34:47Z,2026-08-03T03:35:41Z,54
2026-08-03T03:40:41Z,2026-08-03T03:41:26Z,45
2026-08-03T03:46:26Z,2026-08-03T03:47:10Z,44
2026-08-03T03:52:10Z,2026-08-03T03:52:57Z,47
2026-08-03T03:57:57Z,2026-08-03T03:58:53Z,56
2026-08-03T04:03:53Z,2026-08-03T04:04:41Z,48
2026-08-03T04:09:41Z,2026-08-03T04:10:39Z,58
2026-08-03T04:15:39Z,2026-08-03T04:16:20Z,41
2026-08-03T04:21:20Z,2026-08-03T04:22:01Z,41
2026-08-03T04:27:01Z,2026-08-03T04:27:44Z,43
2026-08-03T04:32:44Z,2026-08-03T04:33:32Z,48
2026-08-03T04:38:32Z,2026-08-03T04:39:14Z,42
2026-08-03T04:44:14Z,2026-08-03T04:44:55Z,41
2026-08-03T04:49:55Z,2026-08-03T04:50:36Z,41
2026-08-03T04:55:36Z,2026-08-03T04:56:16Z,40
2026-08-03T05:01:16Z,2026-08-03T05:01:58Z,42
2026-08-03T05:06:58Z,2026-08-03T05:07:40Z,42
2026-08-03T05:12:40Z,2026-08-03T05:13:25Z,45
2026-08-03T05:18:25Z,2026-08-03T05:19:10Z,45
2026-08-03T05:24:10Z,2026-08-03T05:24:56Z,46
2026-08-03T05:29:56Z,2026-08-03T05:30:47Z,51
2026-08-03T05:35:47Z,2026-08-03T05:36:38Z,51
2026-08-03T05:41:38Z,2026-08-03T05:42:35Z,57
2026-08-03T05:47:35Z,2026-08-03T05:48:35Z,60
2026-08-03T05:53:35Z,2026-08-03T05:54:34Z,59
2026-08-03T05:59:34Z,2026-08-03T06:00:31Z,57
2026-08-03T06:05:31Z,2026-08-03T06:06:28Z,57
2026-08-03T06:11:28Z,2026-08-03T06:12:29Z,61
2026-08-03T06:17:29Z,2026-08-03T06:18:38Z,69
2026-08-03T06:23:38Z,2026-08-03T06:24:44Z,66
2026-08-03T06:29:44Z,2026-08-03T06:30:50Z,66
2026-08-03T06:35:50Z,2026-08-03T06:36:41Z,51
2026-08-03T06:41:41Z,2026-08-03T06:42:10Z,29
2026-08-03T06:47:10Z,2026-08-03T06:47:15Z,5
2026-08-03T06:52:15Z,2026-08-03T06:52:23Z,8
2026-08-03T06:57:23Z,2026-08-03T06:57:29Z,6
2026-08-03T07:02:29Z,2026-08-03T07:02:34Z,5
2026-08-03T07:07:34Z,2026-08-03T07:07:41Z,7
2026-08-03T07:12:41Z,2026-08-03T07:12:47Z,6
2026-08-03T07:17:47Z,2026-08-03T07:17:53Z,6
2026-08-03T07:22:53Z,2026-08-03T07:22:59Z,6
2026-08-03T07:27:59Z,2026-08-03T07:28:05Z,6
2026-08-03T07:33:05Z,2026-08-03T07:33:12Z,7
2026-08-03T07:38:12Z,2026-08-03T07:38:37Z,25
2026-08-03T07:43:37Z,2026-08-03T07:43:55Z,18
2026-08-03T07:48:55Z,2026-08-03T07:49:06Z,11
2026-08-03T07:54:06Z,2026-08-03T07:54:28Z,22
2026-08-03T07:59:28Z,2026-08-03T07:59:34Z,6
2026-08-03T08:04:34Z,2026-08-03T08:05:05Z,31
2026-08-03T08:10:05Z,2026-08-03T08:10:11Z,6
2026-08-03T08:15:11Z,2026-08-03T08:15:19Z,8
2026-08-03T08:20:19Z,2026-08-03T08:20:25Z,6
2026-08-03T08:25:25Z,2026-08-03T08:26:11Z,46
2026-08-03T08:31:11Z,2026-08-03T08:31:46Z,35
2026-08-03T08:36:46Z,2026-08-03T08:37:24Z,38
2026-08-03T08:42:24Z,2026-08-03T08:43:01Z,37
2026-08-03T08:48:01Z,2026-08-03T08:48:39Z,38
2026-08-03T08:53:39Z,2026-08-03T08:54:24Z,45
2026-08-03T08:59:24Z,2026-08-03T09:00:14Z,50
2026-08-03T09:05:14Z,2026-08-03T09:06:03Z,49
2026-08-03T09:11:03Z,2026-08-03T09:11:52Z,49
2026-08-03T09:16:52Z,2026-08-03T09:17:45Z,53
2026-08-03T09:22:45Z,2026-08-03T09:23:40Z,55
2026-08-03T09:28:40Z,2026-08-03T09:29:34Z,54
2026-08-03T09:34:34Z,2026-08-03T09:35:29Z,55
2026-08-03T09:40:29Z,2026-08-03T09:41:21Z,52
2026-08-03T09:46:21Z,2026-08-03T09:47:20Z,59
2026-08-03T09:52:20Z,2026-08-03T09:53:28Z,68
2026-08-03T09:58:28Z,2026-08-03T09:59:28Z,60
2026-08-03T10:04:28Z,2026-08-03T10:05:33Z,65
2026-08-03T10:10:33Z,2026-08-03T10:11:38Z,65
2026-08-03T10:16:38Z,2026-08-03T10:17:47Z,69
2026-08-03T10:22:47Z,2026-08-03T10:23:58Z,71
2026-08-03T10:28:58Z,2026-08-03T10:30:06Z,68
2026-08-03T10:35:06Z,2026-08-03T10:36:14Z,68
2026-08-03T10:41:14Z,2026-08-03T10:42:25Z,71
2026-08-03T10:47:25Z,2026-08-03T10:48:33Z,68
2026-08-03T10:53:33Z,2026-08-03T10:54:43Z,70
2026-08-03T10:59:43Z,2026-08-03T11:00:49Z,66
2026-08-03T11:05:49Z,2026-08-03T11:06:56Z,67
2026-08-03T11:11:56Z,2026-08-03T11:13:05Z,69
2026-08-03T11:18:05Z,2026-08-03T11:19:16Z,71
2026-08-03T11:24:16Z,2026-08-03T11:25:28Z,72
2026-08-03T11:30:28Z,2026-08-03T11:31:37Z,69
2026-08-03T11:36:37Z,2026-08-03T11:37:50Z,73
2026-08-03T11:42:50Z,2026-08-03T11:44:06Z,76
2026-08-03T11:49:06Z,2026-08-03T11:50:20Z,74
2026-08-03T11:55:20Z,2026-08-03T11:56:37Z,77
2026-08-03T12:01:37Z,2026-08-03T12:02:54Z,77
2026-08-03T12:07:54Z,2026-08-03T12:09:46Z,112
2026-08-03T12:14:46Z,2026-08-03T12:16:36Z,110
2026-08-03T12:21:36Z,2026-08-03T12:23:21Z,105
2026-08-03T12:28:21Z,2026-08-03T12:30:15Z,114
2026-08-03T12:35:15Z,2026-08-03T12:37:19Z,124
2026-08-03T12:42:19Z,2026-08-03T12:44:25Z,126
2026-08-03T12:49:25Z,2026-08-03T12:51:18Z,113
2026-08-03T12:56:18Z,2026-08-03T12:57:19Z,61
2026-08-03T13:02:19Z,2026-08-03T13:03:18Z,59
2026-08-03T13:08:18Z,2026-08-03T13:09:06Z,48
2026-08-03T13:14:06Z,2026-08-03T13:16:12Z,126
2026-08-03T13:21:12Z,2026-08-03T13:21:46Z,34
2026-08-03T13:26:46Z,2026-08-03T13:27:14Z,28
2026-08-03T13:32:14Z,2026-08-03T13:32:37Z,23
2026-08-03T13:37:37Z,2026-08-03T13:37:57Z,20
2026-08-03T13:42:57Z,2026-08-03T13:43:19Z,22
2026-08-03T13:48:19Z,2026-08-03T13:48:37Z,18
2026-08-03T13:53:37Z,2026-08-03T13:53:58Z,21
2026-08-03T13:58:58Z,2026-08-03T13:59:26Z,28
2026-08-03T14:04:26Z,2026-08-03T14:04:36Z,10
2026-08-03T14:09:36Z,2026-08-03T14:09:45Z,9
2026-08-03T14:14:45Z,2026-08-03T14:14:47Z,2
2026-08-03T14:19:47Z,2026-08-03T14:19:49Z,2
2026-08-03T14:24:49Z,2026-08-03T14:24:50Z,1
2026-08-03T14:29:50Z,2026-08-03T14:29:52Z,2
2026-08-03T14:34:52Z,2026-08-03T14:34:54Z,2
2026-08-03T14:39:54Z,2026-08-03T14:39:56Z,2
2026-08-03T14:44:56Z,2026-08-03T14:44:58Z,2
2026-08-03T14:49:58Z,2026-08-03T14:50:00Z,2
2026-08-03T14:55:00Z,2026-08-03T14:55:02Z,2
2026-08-03T15:00:02Z,2026-08-03T15:00:04Z,2
2026-08-03T15:05:04Z,2026-08-03T15:05:07Z,3
2026-08-03T15:10:07Z,2026-08-03T15:10:09Z,2
2026-08-03T15:15:09Z,2026-08-03T15:15:11Z,2
2026-08-03T15:20:11Z,2026-08-03T15:20:13Z,2
2026-08-03T15:25:13Z,2026-08-03T15:25:15Z,2
2026-08-03T15:30:15Z,2026-08-03T15:30:17Z,2
2026-08-03T15:35:17Z,2026-08-03T15:35:21Z,4
2026-08-03T15:40:21Z,2026-08-03T15:40:23Z,2
2026-08-03T15:45:23Z,2026-08-03T15:45:26Z,3
2026-08-03T15:50:26Z,2026-08-03T15:50:28Z,2
2026-08-03T15:55:28Z,2026-08-03T15:55:31Z,3
2026-08-03T16:00:31Z,2026-08-03T16:00:33Z,2
2026-08-03T16:05:33Z,2026-08-03T16:06:07Z,34
2026-08-03T16:11:07Z,2026-08-03T16:11:47Z,40
2026-08-03T16:16:47Z,2026-08-03T16:17:24Z,37
2026-08-03T16:22:24Z,2026-08-03T16:22:28Z,4
2026-08-03T16:27:28Z,2026-08-03T16:27:30Z,2
2026-08-03T16:32:30Z,2026-08-03T16:32:32Z,2
2026-08-03T16:37:32Z,2026-08-03T16:37:34Z,2
2026-08-03T16:42:34Z,2026-08-03T16:42:39Z,5
2026-08-03T16:47:39Z,2026-08-03T16:47:41Z,2
2026-08-03T16:52:41Z,2026-08-03T16:52:43Z,2
2026-08-03T16:57:43Z,2026-08-03T16:57:45Z,2
2026-08-03T17:02:45Z,2026-08-03T17:02:47Z,2
2026-08-03T17:07:47Z,2026-08-03T17:07:50Z,3
2026-08-03T17:12:50Z,2026-08-03T17:12:52Z,2
2026-08-03T17:17:52Z,2026-08-03T17:17:54Z,2
2026-08-03T17:22:54Z,2026-08-03T17:22:56Z,2
2026-08-03T17:27:56Z,2026-08-03T17:27:58Z,2
2026-08-03T17:32:58Z,2026-08-03T17:33:01Z,3
2026-08-03T17:38:01Z,2026-08-03T17:38:03Z,2
2026-08-03T17:43:03Z,2026-08-03T17:43:05Z,2
2026-08-03T17:48:05Z,2026-08-03T17:48:08Z,3
2026-08-03T17:53:08Z,2026-08-03T17:53:10Z,2
2026-08-03T17:58:10Z,2026-08-03T17:58:13Z,3
2026-08-03T18:03:13Z,2026-08-03T18:03:15Z,2
2026-08-03T18:08:15Z,2026-08-03T18:08:18Z,3
2026-08-03T18:13:18Z,2026-08-03T18:13:21Z,3
2026-08-03T18:18:21Z,2026-08-03T18:18:23Z,2
2026-08-03T18:23:23Z,2026-08-03T18:23:26Z,3
2026-08-03T18:28:26Z,2026-08-03T18:28:36Z,10
2026-08-03T18:33:36Z,2026-08-03T18:34:11Z,35
2026-08-03T18:39:11Z,2026-08-03T18:39:44Z,33
2026-08-03T18:44:44Z,2026-08-03T18:45:18Z,34
2026-08-03T18:50:18Z,2026-08-03T18:50:52Z,34
2026-08-03T18:55:52Z,2026-08-03T18:56:27Z,35
2026-08-03T19:01:27Z,2026-08-03T19:01:32Z,5
2026-08-03T19:06:32Z,2026-08-03T19:06:38Z,6
2026-08-03T19:11:38Z,2026-08-03T19:11:41Z,3
2026-08-03T19:16:41Z,2026-08-03T19:16:43Z,2
2026-08-03T19:21:43Z,2026-08-03T19:21:45Z,2
2026-08-03T19:26:45Z,2026-08-03T19:26:49Z,4
2026-08-03T19:31:49Z,2026-08-03T19:31:51Z,2
2026-08-03T19:36:51Z,2026-08-03T19:36:53Z,2
2026-08-03T19:41:53Z,2026-08-03T19:41:56Z,3
2026-08-03T19:46:56Z,2026-08-03T19:46:58Z,2
2026-08-03T19:51:58Z,2026-08-03T19:52:01Z,3
2026-08-03T19:57:01Z,2026-08-03T19:57:03Z,2
2026-08-03T20:02:03Z,2026-08-03T20:02:06Z,3
2026-08-03T20:07:06Z,2026-08-03T20:07:09Z,3
2026-08-03T20:12:09Z,2026-08-03T20:12:13Z,4
2026-08-03T20:17:13Z,2026-08-03T20:17:20Z,7
2026-08-03T20:22:20Z,2026-08-03T20:22:23Z,3
2026-08-03T20:27:23Z,2026-08-03T20:27:26Z,3
2026-08-03T20:32:26Z,2026-08-03T20:32:29Z,3
2026-08-03T20:37:29Z,2026-08-03T20:37:33Z,4
2026-08-03T20:42:33Z,2026-08-03T20:43:06Z,33
2026-08-03T20:48:06Z,2026-08-03T20:48:41Z,35
2026-08-03T20:53:41Z,2026-08-03T20:54:16Z,35
2026-08-03T20:59:16Z,2026-08-03T20:59:52Z,36
2026-08-03T21:04:52Z,2026-08-03T21:05:32Z,40
2026-08-03T21:10:32Z,2026-08-03T21:11:09Z,37
2026-08-03T21:16:09Z,2026-08-03T21:16:50Z,41
2026-08-03T21:21:50Z,2026-08-03T21:22:26Z,36
2026-08-03T21:27:26Z,2026-08-03T21:28:01Z,35
2026-08-03T21:33:01Z,2026-08-03T21:33:38Z,37
2026-08-03T21:38:38Z,2026-08-03T21:39:15Z,37
2026-08-03T21:44:15Z,2026-08-03T21:44:50Z,35
2026-08-03T21:49:50Z,2026-08-03T21:50:25Z,35
2026-08-03T21:55:25Z,2026-08-03T21:56:14Z,49
2026-08-03T22:01:14Z,2026-08-03T22:01:52Z,38
2026-08-03T22:06:52Z,2026-08-03T22:07:30Z,38
2026-08-03T22:12:30Z,2026-08-03T22:13:08Z,38
2026-08-03T22:18:08Z,2026-08-03T22:18:50Z,42
2026-08-03T22:23:50Z,2026-08-03T22:24:33Z,43
2026-08-03T22:29:33Z,2026-08-03T22:29:40Z,7
2026-08-03T22:34:40Z,2026-08-03T22:34:47Z,7
2026-08-03T22:39:47Z,2026-08-03T22:39:53Z,6
2026-08-03T22:44:53Z,2026-08-03T22:44:57Z,4
2026-08-03T22:49:57Z,2026-08-03T22:50:00Z,3
2026-08-03T22:55:00Z,2026-08-03T22:55:07Z,7
2026-08-03T23:00:07Z,2026-08-03T23:00:11Z,4
2026-08-03T23:05:11Z,2026-08-03T23:05:15Z,4
2026-08-03T23:10:15Z,2026-08-03T23:10:18Z,3
2026-08-03T23:15:18Z,2026-08-03T23:15:21Z,3
2026-08-03T23:20:21Z,2026-08-03T23:20:24Z,3
2026-08-03T23:25:24Z,2026-08-03T23:25:28Z,4
2026-08-03T23:30:28Z,2026-08-03T23:30:31Z,3
2026-08-03T23:35:31Z,2026-08-03T23:35:35Z,4
2026-08-03T23:40:35Z,2026-08-03T23:40:38Z,3
2026-08-03T23:45:38Z,2026-08-03T23:45:42Z,4
2026-08-03T23:50:42Z,2026-08-03T23:50:46Z,4
2026-08-03T23:55:46Z,2026-08-03T23:55:50Z,4
2026-08-04T00:00:50Z,2026-08-04T00:00:54Z,4
2026-08-04T00:05:54Z,2026-08-04T00:06:00Z,6
2026-08-04T00:11:00Z,2026-08-04T00:11:42Z,42
2026-08-04T00:16:42Z,2026-08-04T00:17:18Z,36
2026-08-04T00:22:18Z,2026-08-04T00:22:57Z,39
2026-08-04T00:27:57Z,2026-08-04T00:28:33Z,36
2026-08-04T00:33:33Z,2026-08-04T00:34:10Z,37
2026-08-04T00:39:10Z,2026-08-04T00:39:47Z,37
2026-08-04T00:44:47Z,2026-08-04T00:45:24Z,37
2026-08-04T00:50:24Z,2026-08-04T00:51:02Z,38
2026-08-04T00:56:02Z,2026-08-04T00:56:36Z,34
2026-08-04T01:01:36Z,2026-08-04T01:02:13Z,37
2026-08-04T01:07:13Z,2026-08-04T01:07:48Z,35
2026-08-04T01:12:48Z,2026-08-04T01:13:24Z,36
2026-08-04T01:18:24Z,2026-08-04T01:18:58Z,34
2026-08-04T01:23:58Z,2026-08-04T01:24:34Z,36
2026-08-04T01:29:34Z,2026-08-04T01:30:11Z,37
2026-08-04T01:35:11Z,2026-08-04T01:35:49Z,38
2026-08-04T01:40:49Z,2026-08-04T01:41:25Z,36
2026-08-04T01:46:25Z,2026-08-04T01:46:58Z,33
2026-08-04T01:51:58Z,2026-08-04T01:52:31Z,33
2026-08-04T01:57:31Z,2026-08-04T01:58:08Z,37
2026-08-04T02:03:08Z,2026-08-04T02:03:45Z,37
2026-08-04T02:08:45Z,2026-08-04T02:09:26Z,41
2026-08-04T02:14:26Z,2026-08-04T02:15:05Z,39
2026-08-04T02:20:05Z,2026-08-04T02:20:49Z,44
2026-08-04T02:25:49Z,2026-08-04T02:26:34Z,45
2026-08-04T02:31:34Z,2026-08-04T02:32:17Z,43
2026-08-04T02:37:17Z,2026-08-04T02:38:03Z,46
2026-08-04T02:43:03Z,2026-08-04T02:43:11Z,8
2026-08-04T02:48:11Z,2026-08-04T02:48:19Z,8
2026-08-04T02:53:19Z,2026-08-04T02:53:23Z,4
2026-08-04T02:58:23Z,2026-08-04T02:58:27Z,4
2026-08-04T03:03:27Z,2026-08-04T03:03:35Z,8
2026-08-04T03:08:35Z,2026-08-04T03:08:39Z,4
2026-08-04T03:13:39Z,2026-08-04T03:13:44Z,5
2026-08-04T03:18:44Z,2026-08-04T03:18:53Z,9
2026-08-04T03:23:53Z,2026-08-04T03:23:58Z,5
2026-08-04T03:28:58Z,2026-08-04T03:29:03Z,5
2026-08-04T03:34:03Z,2026-08-04T03:34:08Z,5
2026-08-04T03:39:08Z,2026-08-04T03:39:13Z,5
2026-08-04T03:44:13Z,2026-08-04T03:44:19Z,6
2026-08-04T03:49:19Z,2026-08-04T03:49:24Z,5
2026-08-04T03:54:24Z,2026-08-04T03:54:30Z,6
2026-08-04T03:59:30Z,2026-08-04T03:59:40Z,10
2026-08-04T04:04:40Z,2026-08-04T04:04:46Z,6
2026-08-04T04:09:46Z,2026-08-04T04:09:52Z,6
2026-08-04T04:14:52Z,2026-08-04T04:15:04Z,12
2026-08-04T04:20:04Z,2026-08-04T04:20:19Z,15
2026-08-04T04:25:19Z,2026-08-04T04:26:02Z,43
2026-08-04T04:31:02Z,2026-08-04T04:31:54Z,52
2026-08-04T04:36:54Z,2026-08-04T04:37:37Z,43
2026-08-04T04:42:37Z,2026-08-04T04:43:15Z,38
2026-08-04T04:48:15Z,2026-08-04T04:48:51Z,36
2026-08-04T04:53:51Z,2026-08-04T04:54:25Z,34
2026-08-04T04:59:25Z,2026-08-04T05:00:03Z,38
2026-08-04T05:05:03Z,2026-08-04T05:05:42Z,39
2026-08-04T05:10:42Z,2026-08-04T05:11:19Z,37
2026-08-04T05:16:19Z,2026-08-04T05:17:00Z,41
2026-08-04T05:22:00Z,2026-08-04T05:22:40Z,40
2026-08-04T05:27:40Z,2026-08-04T05:28:20Z,40
2026-08-04T05:33:20Z,2026-08-04T05:33:59Z,39
2026-08-04T05:38:59Z,2026-08-04T05:39:39Z,40
2026-08-04T05:44:39Z,2026-08-04T05:45:19Z,40
2026-08-04T05:50:19Z,2026-08-04T05:51:01Z,42
2026-08-04T05:56:01Z,2026-08-04T05:56:44Z,43
2026-08-04T06:01:44Z,2026-08-04T06:02:27Z,43
2026-08-04T06:07:27Z,2026-08-04T06:08:15Z,48
2026-08-04T06:13:15Z,2026-08-04T06:14:09Z,54
2026-08-04T06:19:09Z,2026-08-04T06:20:01Z,52
2026-08-04T06:25:01Z,2026-08-04T06:25:58Z,57
2026-08-04T06:30:58Z,2026-08-04T06:31:53Z,55
2026-08-04T06:36:53Z,2026-08-04T06:37:50Z,57
2026-08-04T06:42:50Z,2026-08-04T06:43:49Z,59
2026-08-04T06:48:49Z,2026-08-04T06:49:46Z,57
2026-08-04T06:54:46Z,2026-08-04T06:55:50Z,64
2026-08-04T07:00:50Z,2026-08-04T07:02:15Z,85
2026-08-04T07:07:15Z,2026-08-04T07:08:35Z,80
2026-08-04T07:13:35Z,2026-08-04T07:14:58Z,83
2026-08-04T07:19:58Z,2026-08-04T07:21:24Z,86
2026-08-04T07:26:24Z,2026-08-04T07:27:50Z,86
2026-08-04T07:32:50Z,2026-08-04T07:34:15Z,85
2026-08-04T07:39:15Z,2026-08-04T07:40:45Z,90
2026-08-04T07:45:45Z,2026-08-04T07:47:07Z,82
2026-08-04T07:52:07Z,2026-08-04T07:52:55Z,48
2026-08-04T07:57:55Z,2026-08-04T07:58:54Z,59
2026-08-04T08:03:54Z,2026-08-04T08:04:00Z,6
2026-08-04T08:09:00Z,2026-08-04T08:09:39Z,39
2026-08-04T08:14:39Z,2026-08-04T08:15:02Z,23
2026-08-04T08:20:02Z,2026-08-04T08:20:16Z,14
2026-08-04T08:25:16Z,2026-08-04T08:25:22Z,6
2026-08-04T08:30:22Z,2026-08-04T08:30:28Z,6
2026-08-04T08:35:28Z,2026-08-04T08:35:34Z,6
2026-08-04T08:40:34Z,2026-08-04T08:40:39Z,5
2026-08-04T08:45:39Z,2026-08-04T08:45:45Z,6
2026-08-04T08:50:45Z,2026-08-04T08:50:51Z,6
2026-08-04T08:55:51Z,2026-08-04T08:55:57Z,6
2026-08-04T09:00:57Z,2026-08-04T09:01:14Z,17
2026-08-04T09:06:14Z,2026-08-04T09:06:21Z,7
2026-08-04T09:11:21Z,2026-08-04T09:11:39Z,18
2026-08-04T09:16:39Z,2026-08-04T09:17:30Z,51
2026-08-04T09:22:30Z,2026-08-04T09:22:41Z,11
2026-08-04T09:27:41Z,2026-08-04T09:27:48Z,7
2026-08-04T09:32:48Z,2026-08-04T09:32:55Z,7
2026-08-04T09:37:55Z,2026-08-04T09:38:02Z,7
2026-08-04T09:43:02Z,2026-08-04T09:43:24Z,22
2026-08-04T09:48:24Z,2026-08-04T09:49:09Z,45
2026-08-04T09:54:09Z,2026-08-04T09:55:05Z,56
2026-08-04T10:00:05Z,2026-08-04T10:00:54Z,49
2026-08-04T10:05:54Z,2026-08-04T10:06:57Z,63
2026-08-04T10:11:57Z,2026-08-04T10:12:59Z,62
2026-08-04T10:17:59Z,2026-08-04T10:19:12Z,73
2026-08-04T10:24:12Z,2026-08-04T10:25:20Z,68
2026-08-04T10:30:20Z,2026-08-04T10:31:42Z,82
2026-08-04T10:36:42Z,2026-08-04T10:38:01Z,79
2026-08-04T10:43:01Z,2026-08-04T10:44:10Z,69
2026-08-04T10:49:10Z,2026-08-04T10:50:29Z,79
2026-08-04T10:55:29Z,2026-08-04T10:56:51Z,82
2026-08-04T11:01:51Z,2026-08-04T11:03:11Z,80
2026-08-04T11:08:11Z,2026-08-04T11:09:28Z,77
2026-08-04T11:14:28Z,2026-08-04T11:15:51Z,83
2026-08-04T11:20:51Z,2026-08-04T11:22:14Z,83
2026-08-04T11:27:14Z,2026-08-04T11:28:36Z,82
2026-08-04T11:33:36Z,2026-08-04T11:34:56Z,80
2026-08-04T11:39:56Z,2026-08-04T11:41:21Z,85
2026-08-04T11:46:21Z,2026-08-04T11:47:44Z,83
2026-08-04T11:52:44Z,2026-08-04T11:54:02Z,78
2026-08-04T11:59:02Z,2026-08-04T12:00:25Z,83
2026-08-04T12:05:25Z,2026-08-04T12:06:53Z,88
2026-08-04T12:11:53Z,2026-08-04T12:13:19Z,86
2026-08-04T12:18:19Z,2026-08-04T12:19:46Z,87
2026-08-04T12:24:46Z,2026-08-04T12:26:13Z,87
2026-08-04T12:31:13Z,2026-08-04T12:32:42Z,89
2026-08-04T12:37:42Z,2026-08-04T12:39:15Z,93
2026-08-04T12:44:15Z,2026-08-04T12:45:45Z,90
2026-08-04T12:50:45Z,2026-08-04T12:52:17Z,92
2026-08-04T12:57:17Z,2026-08-04T12:58:44Z,87
2026-08-04T13:03:44Z,2026-08-04T13:05:13Z,89
2026-08-04T13:10:13Z,2026-08-04T13:11:48Z,95
2026-08-04T13:16:48Z,2026-08-04T13:18:38Z,110
2026-08-04T13:23:38Z,2026-08-04T13:25:33Z,115
2026-08-04T13:30:33Z,2026-08-04T13:32:39Z,126
2026-08-04T13:37:39Z,2026-08-04T13:38:33Z,54
2026-08-04T13:43:33Z,2026-08-04T13:44:22Z,49
2026-08-04T13:49:22Z,2026-08-04T13:51:26Z,124
2026-08-04T13:56:26Z,2026-08-04T13:59:50Z,204
2026-08-04T14:04:50Z,2026-08-04T14:06:23Z,93
2026-08-04T14:11:23Z,2026-08-04T14:12:39Z,76
2026-08-04T14:17:39Z,2026-08-04T14:19:09Z,90
2026-08-04T14:24:09Z,2026-08-04T14:25:28Z,79
2026-08-04T14:30:28Z,2026-08-04T14:31:31Z,63
2026-08-04T14:36:31Z,2026-08-04T14:36:51Z,20
2026-08-04T14:41:51Z,2026-08-04T14:41:56Z,5
2026-08-04T14:46:56Z,2026-08-04T14:46:58Z,2
2026-08-04T14:51:58Z,2026-08-04T14:52:00Z,2
2026-08-04T14:57:00Z,2026-08-04T14:57:02Z,2
2026-08-04T15:02:02Z,2026-08-04T15:02:04Z,2
2026-08-04T15:07:04Z,2026-08-04T15:07:06Z,2
2026-08-04T15:12:06Z,2026-08-04T15:12:08Z,2
2026-08-04T15:17:08Z,2026-08-04T15:17:10Z,2
2026-08-04T15:22:10Z,2026-08-04T15:22:12Z,2
2026-08-04T15:27:12Z,2026-08-04T15:27:14Z,2
2026-08-04T15:32:14Z,2026-08-04T15:32:16Z,2
2026-08-04T15:37:16Z,2026-08-04T15:37:18Z,2
2026-08-04T15:42:18Z,2026-08-04T15:42:20Z,2
2026-08-04T15:47:20Z,2026-08-04T15:47:23Z,3
2026-08-04T15:52:23Z,2026-08-04T15:52:25Z,2
2026-08-04T15:57:25Z,2026-08-04T15:57:27Z,2
2026-08-04T16:02:27Z,2026-08-04T16:02:30Z,3
2026-08-04T16:07:30Z,2026-08-04T16:07:33Z,3
2026-08-04T16:12:33Z,2026-08-04T16:12:36Z,3
2026-08-04T16:17:36Z,2026-08-04T16:17:38Z,2
2026-08-04T16:22:38Z,2026-08-04T16:22:40Z,2
2026-08-04T16:27:40Z,2026-08-04T16:28:07Z,27
2026-08-04T16:33:07Z,2026-08-04T16:33:32Z,25
2026-08-04T16:38:32Z,2026-08-04T16:38:35Z,3
2026-08-04T16:43:35Z,2026-08-04T16:43:37Z,2
2026-08-04T16:48:37Z,2026-08-04T16:48:39Z,2
2026-08-04T16:53:39Z,2026-08-04T16:53:40Z,1
2026-08-04T16:58:40Z,2026-08-04T16:58:43Z,3
2026-08-04T17:03:43Z,2026-08-04T17:03:49Z,6
2026-08-04T17:08:49Z,2026-08-04T17:08:50Z,1
2026-08-04T17:13:50Z,2026-08-04T17:13:52Z,2
2026-08-04T17:18:52Z,2026-08-04T17:18:55Z,3
2026-08-04T17:23:55Z,2026-08-04T17:23:56Z,1
2026-08-04T17:28:56Z,2026-08-04T17:28:59Z,3
2026-08-04T17:33:59Z,2026-08-04T17:34:01Z,2
2026-08-04T17:39:01Z,2026-08-04T17:39:03Z,2
2026-08-04T17:44:03Z,2026-08-04T17:44:05Z,2
2026-08-04T17:49:05Z,2026-08-04T17:49:07Z,2
2026-08-04T17:54:07Z,2026-08-04T17:54:09Z,2
2026-08-04T17:59:09Z,2026-08-04T17:59:12Z,3
2026-08-04T18:04:12Z,2026-08-04T18:04:14Z,2
2026-08-04T18:09:14Z,2026-08-04T18:09:17Z,3
2026-08-04T18:14:17Z,2026-08-04T18:14:19Z,2
2026-08-04T18:19:19Z,2026-08-04T18:19:22Z,3
2026-08-04T18:24:22Z,2026-08-04T18:24:25Z,3
2026-08-04T18:29:25Z,2026-08-04T18:29:28Z,3
2026-08-04T18:34:28Z,2026-08-04T18:34:30Z,2
2026-08-04T18:39:30Z,2026-08-04T18:39:33Z,3
2026-08-04T18:44:33Z,2026-08-04T18:45:04Z,31
2026-08-04T18:50:04Z,2026-08-04T18:50:32Z,28
2026-08-04T18:55:32Z,2026-08-04T18:56:01Z,29
2026-08-04T19:01:01Z,2026-08-04T19:01:29Z,28
2026-08-04T19:06:29Z,2026-08-04T19:07:00Z,31
2026-08-04T19:12:00Z,2026-08-04T19:12:06Z,6
2026-08-04T19:17:06Z,2026-08-04T19:17:09Z,3
2026-08-04T19:22:09Z,2026-08-04T19:22:13Z,4
2026-08-04T19:27:13Z,2026-08-04T19:27:16Z,3
2026-08-04T19:32:16Z,2026-08-04T19:32:18Z,2
2026-08-04T19:37:18Z,2026-08-04T19:37:20Z,2
2026-08-04T19:42:20Z,2026-08-04T19:42:23Z,3
2026-08-04T19:47:23Z,2026-08-04T19:47:25Z,2
2026-08-04T19:52:25Z,2026-08-04T19:52:27Z,2
2026-08-04T19:57:27Z,2026-08-04T19:57:30Z,3
2026-08-04T20:02:30Z,2026-08-04T20:02:32Z,2
2026-08-04T20:07:32Z,2026-08-04T20:07:35Z,3
2026-08-04T20:12:35Z,2026-08-04T20:12:37Z,2
2026-08-04T20:17:37Z,2026-08-04T20:17:39Z,2
2026-08-04T20:22:39Z,2026-08-04T20:22:42Z,3
2026-08-04T20:27:42Z,2026-08-04T20:27:47Z,5
2026-08-04T20:32:47Z,2026-08-04T20:32:53Z,6
2026-08-04T20:37:53Z,2026-08-04T20:37:58Z,5
2026-08-04T20:42:58Z,2026-08-04T20:43:01Z,3
2026-08-04T20:48:01Z,2026-08-04T20:48:04Z,3
2026-08-04T20:53:04Z,2026-08-04T20:53:35Z,31
2026-08-04T20:58:35Z,2026-08-04T20:59:06Z,31
2026-08-04T21:04:06Z,2026-08-04T21:04:36Z,30
2026-08-04T21:09:36Z,2026-08-04T21:10:07Z,31
2026-08-04T21:15:07Z,2026-08-04T21:15:39Z,32
2026-08-04T21:20:39Z,2026-08-04T21:21:11Z,32
2026-08-04T21:26:11Z,2026-08-04T21:26:43Z,32
2026-08-04T21:31:43Z,2026-08-04T21:32:15Z,32
2026-08-04T21:37:15Z,2026-08-04T21:37:54Z,39
2026-08-04T21:42:54Z,2026-08-04T21:43:27Z,33
2026-08-04T21:48:27Z,2026-08-04T21:48:58Z,31
2026-08-04T21:53:58Z,2026-08-04T21:54:33Z,35
2026-08-04T21:59:33Z,2026-08-04T22:00:06Z,33
2026-08-04T22:05:06Z,2026-08-04T22:05:44Z,38
2026-08-04T22:10:44Z,2026-08-04T22:11:22Z,38
2026-08-04T22:16:22Z,2026-08-04T22:17:00Z,38
2026-08-04T22:22:00Z,2026-08-04T22:22:39Z,39
2026-08-04T22:27:39Z,2026-08-04T22:27:46Z,7
2026-08-04T22:32:46Z,2026-08-04T22:32:52Z,6
2026-08-04T22:37:52Z,2026-08-04T22:37:54Z,2
2026-08-04T22:42:54Z,2026-08-04T22:43:00Z,6
2026-08-04T22:48:00Z,2026-08-04T22:48:03Z,3
2026-08-04T22:53:03Z,2026-08-04T22:53:06Z,3
2026-08-04T22:58:06Z,2026-08-04T22:58:11Z,5
2026-08-04T23:03:11Z,2026-08-04T23:03:18Z,7
2026-08-04T23:08:18Z,2026-08-04T23:08:21Z,3
2026-08-04T23:13:21Z,2026-08-04T23:13:24Z,3
2026-08-04T23:18:24Z,2026-08-04T23:18:28Z,4
2026-08-04T23:23:28Z,2026-08-04T23:23:32Z,4
2026-08-04T23:28:32Z,2026-08-04T23:28:36Z,4
2026-08-04T23:33:36Z,2026-08-04T23:33:39Z,3
2026-08-04T23:38:39Z,2026-08-04T23:38:43Z,4
2026-08-04T23:43:43Z,2026-08-04T23:43:47Z,4
2026-08-04T23:48:47Z,2026-08-04T23:48:51Z,4
2026-08-04T23:53:51Z,2026-08-04T23:53:55Z,4
2026-08-04T23:58:55Z,2026-08-04T23:59:01Z,6
2026-08-05T00:04:01Z,2026-08-05T00:04:07Z,6
2026-08-05T00:09:07Z,2026-08-05T00:09:11Z,4
2026-08-05T00:14:11Z,2026-08-05T00:14:46Z,35
2026-08-05T00:19:46Z,2026-08-05T00:20:25Z,39
2026-08-05T00:25:25Z,2026-08-05T00:26:00Z,35
2026-08-05T00:31:00Z,2026-08-05T00:31:39Z,39
2026-08-05T00:36:39Z,2026-08-05T00:37:15Z,36
2026-08-05T00:42:15Z,2026-08-05T00:42:49Z,34
2026-08-05T00:47:49Z,2026-08-05T00:48:21Z,32
2026-08-05T00:53:21Z,2026-08-05T00:53:55Z,34
2026-08-05T00:58:55Z,2026-08-05T00:59:31Z,36
2026-08-05T01:04:31Z,2026-08-05T01:05:05Z,34
2026-08-05T01:10:05Z,2026-08-05T01:10:40Z,35
2026-08-05T01:15:40Z,2026-08-05T01:16:18Z,38
2026-08-05T01:21:18Z,2026-08-05T01:21:52Z,34
2026-08-05T01:26:52Z,2026-08-05T01:27:30Z,38
2026-08-05T01:32:30Z,2026-08-05T01:33:03Z,33
2026-08-05T01:38:03Z,2026-08-05T01:38:42Z,39
2026-08-05T01:43:42Z,2026-08-05T01:44:16Z,34
2026-08-05T01:49:16Z,2026-08-05T01:49:58Z,42
2026-08-05T01:54:58Z,2026-08-05T01:55:41Z,43
2026-08-05T02:00:41Z,2026-08-05T02:01:19Z,38
2026-08-05T02:06:19Z,2026-08-05T02:07:15Z,56
2026-08-05T02:12:15Z,2026-08-05T02:13:07Z,52
2026-08-05T02:18:07Z,2026-08-05T02:18:48Z,41
2026-08-05T02:23:48Z,2026-08-05T02:24:00Z,12
2026-08-05T02:29:00Z,2026-08-05T02:29:16Z,16
2026-08-05T02:34:16Z,2026-08-05T02:34:20Z,4
2026-08-05T02:39:20Z,2026-08-05T02:39:25Z,5
2026-08-05T02:44:25Z,2026-08-05T02:44:30Z,5
2026-08-05T02:49:30Z,2026-08-05T02:49:35Z,5
2026-08-05T02:54:35Z,2026-08-05T02:54:48Z,13
2026-08-05T02:59:48Z,2026-08-05T02:59:52Z,4
2026-08-05T03:04:52Z,2026-08-05T03:04:56Z,4
2026-08-05T03:09:56Z,2026-08-05T03:10:01Z,5
2026-08-05T03:15:01Z,2026-08-05T03:15:05Z,4
2026-08-05T03:20:05Z,2026-08-05T03:20:09Z,4
2026-08-05T03:25:09Z,2026-08-05T03:25:14Z,5
2026-08-05T03:30:14Z,2026-08-05T03:30:19Z,5
2026-08-05T03:35:19Z,2026-08-05T03:35:25Z,6
2026-08-05T03:40:25Z,2026-08-05T03:40:29Z,4
2026-08-05T03:45:29Z,2026-08-05T03:45:34Z,5
2026-08-05T03:50:34Z,2026-08-05T03:50:38Z,4
2026-08-05T03:55:38Z,2026-08-05T03:55:43Z,5
2026-08-05T04:00:43Z,2026-08-05T04:00:50Z,7
2026-08-05T04:05:50Z,2026-08-05T04:06:06Z,16
2026-08-05T04:11:06Z,2026-08-05T04:11:51Z,45
2026-08-05T04:16:51Z,2026-08-05T04:17:39Z,48
2026-08-05T04:22:39Z,2026-08-05T04:23:22Z,43
2026-08-05T04:28:22Z,2026-08-05T04:29:07Z,45
2026-08-05T04:34:07Z,2026-08-05T04:34:53Z,46
2026-08-05T04:39:53Z,2026-08-05T04:40:39Z,46
2026-08-05T04:45:39Z,2026-08-05T04:46:28Z,49
2026-08-05T04:51:28Z,2026-08-05T04:52:15Z,47
2026-08-05T04:57:15Z,2026-08-05T04:58:04Z,49
2026-08-05T05:03:04Z,2026-08-05T05:03:51Z,47
2026-08-05T05:08:51Z,2026-08-05T05:09:44Z,53
2026-08-05T05:14:44Z,2026-08-05T05:15:35Z,51
2026-08-05T05:20:35Z,2026-08-05T05:21:33Z,58
2026-08-05T05:26:33Z,2026-08-05T05:27:30Z,57
2026-08-05T05:32:30Z,2026-08-05T05:33:27Z,57
2026-08-05T05:38:27Z,2026-08-05T05:39:23Z,56
2026-08-05T05:44:23Z,2026-08-05T05:45:25Z,62
2026-08-05T05:50:25Z,2026-08-05T05:51:27Z,62
2026-08-05T05:56:27Z,2026-08-05T05:57:27Z,60
2026-08-05T06:02:27Z,2026-08-05T06:03:32Z,65
2026-08-05T06:08:32Z,2026-08-05T06:09:36Z,64
2026-08-05T06:14:36Z,2026-08-05T06:15:25Z,49
2026-08-05T06:20:25Z,2026-08-05T06:21:09Z,44
2026-08-05T06:26:09Z,2026-08-05T06:26:56Z,47
2026-08-05T06:31:56Z,2026-08-05T06:32:46Z,50
2026-08-05T06:37:46Z,2026-08-05T06:38:34Z,48
2026-08-05T06:43:34Z,2026-08-05T06:44:26Z,52
2026-08-05T06:49:26Z,2026-08-05T06:50:22Z,56
2026-08-05T06:55:22Z,2026-08-05T06:56:20Z,58
2026-08-05T07:01:20Z,2026-08-05T07:02:21Z,61
2026-08-05T07:07:21Z,2026-08-05T07:08:26Z,65
2026-08-05T07:13:26Z,2026-08-05T07:14:14Z,48
2026-08-05T07:19:14Z,2026-08-05T07:19:57Z,43
2026-08-05T07:24:57Z,2026-08-05T07:25:36Z,39
2026-08-05T07:30:36Z,2026-08-05T07:31:17Z,41
2026-08-05T07:36:17Z,2026-08-05T07:36:32Z,15
2026-08-05T07:41:32Z,2026-08-05T07:41:45Z,13
2026-08-05T07:46:45Z,2026-08-05T07:46:52Z,7
2026-08-05T07:51:52Z,2026-08-05T07:52:07Z,15
2026-08-05T07:57:07Z,2026-08-05T07:57:20Z,13
2026-08-05T08:02:20Z,2026-08-05T08:03:11Z,51
2026-08-05T08:08:11Z,2026-08-05T08:08:39Z,28
2026-08-05T08:13:39Z,2026-08-05T08:14:14Z,35
2026-08-05T08:19:14Z,2026-08-05T08:19:56Z,42
2026-08-05T08:24:56Z,2026-08-05T08:25:28Z,32
2026-08-05T08:30:28Z,2026-08-05T08:31:06Z,38
2026-08-05T08:36:06Z,2026-08-05T08:36:46Z,40
2026-08-05T08:41:46Z,2026-08-05T08:42:24Z,38
2026-08-05T08:47:24Z,2026-08-05T08:48:11Z,47
2026-08-05T08:53:11Z,2026-08-05T08:53:58Z,47
2026-08-05T08:58:58Z,2026-08-05T08:59:49Z,51
2026-08-05T09:04:49Z,2026-08-05T09:05:41Z,52
2026-08-05T09:10:41Z,2026-08-05T09:11:42Z,61
2026-08-05T09:16:42Z,2026-08-05T09:17:43Z,61
2026-08-05T09:22:43Z,2026-08-05T09:23:44Z,61
2026-08-05T09:28:44Z,2026-08-05T09:29:46Z,62
2026-08-05T09:34:46Z,2026-08-05T09:35:52Z,66
2026-08-05T09:40:52Z,2026-08-05T09:41:58Z,66
2026-08-05T09:46:58Z,2026-08-05T09:48:02Z,64
2026-08-05T09:53:02Z,2026-08-05T09:54:09Z,67
2026-08-05T09:59:09Z,2026-08-05T10:00:18Z,69
2026-08-05T10:05:18Z,2026-08-05T10:06:06Z,48
2026-08-05T10:11:06Z,2026-08-05T10:11:52Z,46
2026-08-05T10:16:52Z,2026-08-05T10:17:34Z,42
2026-08-05T10:22:34Z,2026-08-05T10:23:12Z,38
2026-08-05T10:28:12Z,2026-08-05T10:28:42Z,30
2026-08-05T10:33:42Z,2026-08-05T10:34:16Z,34
2026-08-05T10:39:16Z,2026-08-05T10:39:49Z,33
2026-08-05T10:44:49Z,2026-08-05T10:45:24Z,35
2026-08-05T10:50:24Z,2026-08-05T10:51:05Z,41
2026-08-05T10:56:05Z,2026-08-05T10:56:56Z,51
2026-08-05T11:01:56Z,2026-08-05T11:02:55Z,59
2026-08-05T11:07:55Z,2026-08-05T11:08:56Z,61
2026-08-05T11:13:56Z,2026-08-05T11:14:57Z,61
2026-08-05T11:19:57Z,2026-08-05T11:21:06Z,69
2026-08-05T11:26:06Z,2026-08-05T11:27:14Z,68
2026-08-05T11:32:14Z,2026-08-05T11:33:25Z,71
2026-08-05T11:38:25Z,2026-08-05T11:39:36Z,71
2026-08-05T11:44:36Z,2026-08-05T11:45:51Z,75
2026-08-05T11:50:51Z,2026-08-05T11:52:13Z,82
2026-08-05T11:57:13Z,2026-08-05T11:58:36Z,83
2026-08-05T12:03:36Z,2026-08-05T12:05:07Z,91
2026-08-05T12:10:07Z,2026-08-05T12:11:51Z,104
2026-08-05T12:16:51Z,2026-08-05T12:18:34Z,103
2026-08-05T12:23:34Z,2026-08-05T12:25:24Z,110
2026-08-05T12:30:24Z,2026-08-05T12:32:08Z,104
2026-08-05T12:37:08Z,2026-08-05T12:38:53Z,105
2026-08-05T12:43:53Z,2026-08-05T12:45:39Z,106
2026-08-05T12:50:39Z,2026-08-05T12:52:26Z,107
2026-08-05T12:57:26Z,2026-08-05T12:59:12Z,106
2026-08-05T13:04:12Z,2026-08-05T13:06:05Z,113
2026-08-05T13:11:05Z,2026-08-05T13:12:58Z,113
2026-08-05T13:17:58Z,2026-08-05T13:19:30Z,92
2026-08-05T13:24:30Z,2026-08-05T13:25:53Z,83
2026-08-05T13:30:53Z,2026-08-05T13:32:13Z,80
2026-08-05T13:37:13Z,2026-08-05T13:38:16Z,63
2026-08-05T13:43:16Z,2026-08-05T13:44:17Z,61
2026-08-05T13:49:17Z,2026-08-05T13:49:43Z,26
2026-08-05T13:54:43Z,2026-08-05T13:54:55Z,12
2026-08-05T13:59:55Z,2026-08-05T14:00:36Z,41
2026-08-05T14:05:36Z,2026-08-05T14:06:16Z,40
2026-08-05T14:11:16Z,2026-08-05T14:11:39Z,23
2026-08-05T14:16:39Z,2026-08-05T14:18:27Z,108
2026-08-05T14:23:27Z,2026-08-05T14:24:43Z,76
2026-08-05T14:29:43Z,2026-08-05T14:30:36Z,53
2026-08-05T14:35:36Z,2026-08-05T14:36:09Z,33
2026-08-05T14:41:09Z,2026-08-05T14:41:41Z,32
2026-08-05T14:46:41Z,2026-08-05T14:47:11Z,30
2026-08-05T14:52:11Z,2026-08-05T14:52:36Z,25
2026-08-05T14:57:36Z,2026-08-05T14:57:50Z,14
2026-08-05T15:02:50Z,2026-08-05T15:03:10Z,20
2026-08-05T15:08:10Z,2026-08-05T15:09:03Z,53
2026-08-05T15:14:03Z,2026-08-05T15:14:50Z,47
2026-08-05T15:19:50Z,2026-08-05T15:20:03Z,13
2026-08-05T15:25:03Z,2026-08-05T15:25:05Z,2
2026-08-05T15:30:05Z,2026-08-05T15:30:07Z,2
2026-08-05T15:35:07Z,2026-08-05T15:35:09Z,2
2026-08-05T15:40:09Z,2026-08-05T15:40:11Z,2
2026-08-05T15:45:11Z,2026-08-05T15:45:13Z,2
2026-08-05T15:50:13Z,2026-08-05T15:50:15Z,2
2026-08-05T15:55:15Z,2026-08-05T15:55:17Z,2
2026-08-05T16:00:17Z,2026-08-05T16:00:19Z,2
2026-08-05T16:05:19Z,2026-08-05T16:05:21Z,2
2026-08-05T16:10:21Z,2026-08-05T16:10:23Z,2
2026-08-05T16:15:23Z,2026-08-05T16:15:25Z,2
2026-08-05T16:20:25Z,2026-08-05T16:20:28Z,3
2026-08-05T16:25:28Z,2026-08-05T16:25:30Z,2
2026-08-05T16:30:30Z,2026-08-05T16:30:32Z,2
2026-08-05T16:35:32Z,2026-08-05T16:35:34Z,2
2026-08-05T16:40:34Z,2026-08-05T16:40:36Z,2
2026-08-05T16:45:36Z,2026-08-05T16:45:45Z,9
2026-08-05T16:50:45Z,2026-08-05T16:50:47Z,2
2026-08-05T16:55:47Z,2026-08-05T16:55:50Z,3
2026-08-05T17:00:50Z,2026-08-05T17:00:52Z,2
2026-08-05T17:05:52Z,2026-08-05T17:05:55Z,3
2026-08-05T17:10:55Z,2026-08-05T17:10:57Z,2
2026-08-05T17:15:57Z,2026-08-05T17:16:26Z,29
2026-08-05T17:21:26Z,2026-08-05T17:22:33Z,67
2026-08-05T17:27:33Z,2026-08-05T17:28:33Z,60
2026-08-05T17:33:33Z,2026-08-05T17:33:38Z,5
2026-08-05T17:38:38Z,2026-08-05T17:38:42Z,4
2026-08-05T17:43:42Z,2026-08-05T17:43:44Z,2
2026-08-05T17:48:44Z,2026-08-05T17:48:46Z,2
2026-08-05T17:53:46Z,2026-08-05T17:53:48Z,2
2026-08-05T17:58:48Z,2026-08-05T17:58:50Z,2
2026-08-05T18:03:50Z,2026-08-05T18:03:52Z,2
2026-08-05T18:08:52Z,2026-08-05T18:08:55Z,3
2026-08-05T18:13:55Z,2026-08-05T18:13:57Z,2
2026-08-05T18:18:57Z,2026-08-05T18:18:59Z,2
2026-08-05T18:23:59Z,2026-08-05T18:24:01Z,2
2026-08-05T18:29:01Z,2026-08-05T18:29:03Z,2
2026-08-05T18:34:03Z,2026-08-05T18:34:06Z,3
2026-08-05T18:39:06Z,2026-08-05T18:39:08Z,2
2026-08-05T18:44:08Z,2026-08-05T18:44:10Z,2
2026-08-05T18:49:10Z,2026-08-05T18:49:12Z,2
2026-08-05T18:54:12Z,2026-08-05T18:54:15Z,3
2026-08-05T18:59:15Z,2026-08-05T18:59:17Z,2
2026-08-05T19:04:17Z,2026-08-05T19:04:19Z,2
2026-08-05T19:09:19Z,2026-08-05T19:09:22Z,3
2026-08-05T19:14:22Z,2026-08-05T19:14:25Z,3
2026-08-05T19:19:25Z,2026-08-05T19:19:27Z,2
2026-08-05T19:24:27Z,2026-08-05T19:24:30Z,3
2026-08-05T19:29:30Z,2026-08-05T19:29:33Z,3
2026-08-05T19:34:33Z,2026-08-05T19:34:37Z,4
2026-08-05T19:39:37Z,2026-08-05T19:39:42Z,5
2026-08-05T19:44:42Z,2026-08-05T19:45:23Z,41
2026-08-05T19:50:23Z,2026-08-05T19:51:32Z,69
2026-08-05T19:56:32Z,2026-08-05T19:57:39Z,67
2026-08-05T20:02:39Z,2026-08-05T20:03:47Z,68
2026-08-05T20:08:47Z,2026-08-05T20:09:55Z,68
2026-08-05T20:14:55Z,2026-08-05T20:15:00Z,5
2026-08-05T20:20:00Z,2026-08-05T20:20:06Z,6
2026-08-05T20:25:06Z,2026-08-05T20:25:08Z,2
2026-08-05T20:30:08Z,2026-08-05T20:30:13Z,5
2026-08-05T20:35:13Z,2026-08-05T20:35:15Z,2
2026-08-05T20:40:15Z,2026-08-05T20:40:18Z,3
2026-08-05T20:45:18Z,2026-08-05T20:45:20Z,2
2026-08-05T20:50:20Z,2026-08-05T20:50:22Z,2
2026-08-05T20:55:22Z,2026-08-05T20:55:26Z,4
2026-08-05T21:00:26Z,2026-08-05T21:00:28Z,2
2026-08-05T21:05:28Z,2026-08-05T21:05:31Z,3
2026-08-05T21:10:31Z,2026-08-05T21:10:33Z,2
2026-08-05T21:15:33Z,2026-08-05T21:15:36Z,3
2026-08-05T21:20:36Z,2026-08-05T21:20:39Z,3
2026-08-05T21:25:39Z,2026-08-05T21:25:44Z,5
2026-08-05T21:30:44Z,2026-08-05T21:30:50Z,6
2026-08-05T21:35:50Z,2026-08-05T21:35:53Z,3
2026-08-05T21:40:53Z,2026-08-05T21:40:56Z,3
2026-08-05T21:45:56Z,2026-08-05T21:45:59Z,3
2026-08-05T21:50:59Z,2026-08-05T21:51:03Z,4
2026-08-05T21:56:03Z,2026-08-05T21:56:34Z,31
2026-08-05T22:01:34Z,2026-08-05T22:02:43Z,69
2026-08-05T22:07:43Z,2026-08-05T22:08:49Z,66
2026-08-05T22:13:49Z,2026-08-05T22:14:54Z,65
2026-08-05T22:19:54Z,2026-08-05T22:21:08Z,74
2026-08-05T22:26:08Z,2026-08-05T22:27:16Z,68
2026-08-05T22:32:16Z,2026-08-05T22:33:23Z,67
2026-08-05T22:38:23Z,2026-08-05T22:39:34Z,71
2026-08-05T22:44:34Z,2026-08-05T22:45:44Z,70
2026-08-05T22:50:44Z,2026-08-05T22:51:52Z,68
2026-08-05T22:56:52Z,2026-08-05T22:58:01Z,69
2026-08-05T23:03:01Z,2026-08-05T23:04:06Z,65
2026-08-05T23:09:06Z,2026-08-05T23:10:32Z,86
2026-08-05T23:15:32Z,2026-08-05T23:17:06Z,94
2026-08-05T23:22:06Z,2026-08-05T23:23:33Z,87
2026-08-05T23:28:33Z,2026-08-05T23:29:57Z,84
2026-08-05T23:34:57Z,2026-08-05T23:35:04Z,7
2026-08-05T23:40:04Z,2026-08-05T23:40:12Z,8
2026-08-05T23:45:12Z,2026-08-05T23:45:17Z,5
2026-08-05T23:50:17Z,2026-08-05T23:50:20Z,3
2026-08-05T23:55:20Z,2026-08-05T23:55:23Z,3
2026-08-06T00:00:23Z,2026-08-06T00:00:27Z,4
2026-08-06T00:05:27Z,2026-08-06T00:05:31Z,4
2026-08-06T00:10:31Z,2026-08-06T00:10:35Z,4
2026-08-06T00:15:35Z,2026-08-06T00:15:38Z,3
2026-08-06T00:20:38Z,2026-08-06T00:20:41Z,3
2026-08-06T00:25:41Z,2026-08-06T00:25:45Z,4
2026-08-06T00:30:45Z,2026-08-06T00:30:49Z,4
2026-08-06T00:35:49Z,2026-08-06T00:35:53Z,4
2026-08-06T00:40:53Z,2026-08-06T00:40:57Z,4
2026-08-06T00:45:57Z,2026-08-06T00:46:01Z,4
2026-08-06T00:51:01Z,2026-08-06T00:51:05Z,4
2026-08-06T00:56:05Z,2026-08-06T00:56:08Z,3
2026-08-06T01:01:08Z,2026-08-06T01:01:12Z,4
2026-08-06T01:06:12Z,2026-08-06T01:06:16Z,4
2026-08-06T01:11:16Z,2026-08-06T01:11:19Z,3
2026-08-06T01:16:19Z,2026-08-06T01:16:23Z,4
2026-08-06T01:21:23Z,2026-08-06T01:21:28Z,5
2026-08-06T01:26:28Z,2026-08-06T01:26:33Z,5
2026-08-06T01:31:33Z,2026-08-06T01:32:35Z,62
2026-08-06T01:37:35Z,2026-08-06T01:38:20Z,45
2026-08-06T01:43:20Z,2026-08-06T01:44:08Z,48
2026-08-06T01:49:08Z,2026-08-06T01:49:58Z,50
2026-08-06T01:54:58Z,2026-08-06T01:55:46Z,48
2026-08-06T02:00:46Z,2026-08-06T02:01:36Z,50
2026-08-06T02:06:36Z,2026-08-06T02:07:26Z,50
2026-08-06T02:12:26Z,2026-08-06T02:13:14Z,48
2026-08-06T02:18:14Z,2026-08-06T02:19:01Z,47
2026-08-06T02:24:01Z,2026-08-06T02:24:49Z,48
2026-08-06T02:29:49Z,2026-08-06T02:30:39Z,50
2026-08-06T02:35:39Z,2026-08-06T02:36:28Z,49
2026-08-06T02:41:28Z,2026-08-06T02:42:18Z,50
2026-08-06T02:47:18Z,2026-08-06T02:48:07Z,49
2026-08-06T02:53:07Z,2026-08-06T02:53:58Z,51
2026-08-06T02:58:58Z,2026-08-06T02:59:51Z,53
2026-08-06T03:04:51Z,2026-08-06T03:05:51Z,60
2026-08-06T03:10:51Z,2026-08-06T03:11:52Z,61
2026-08-06T03:16:52Z,2026-08-06T03:17:51Z,59
2026-08-06T03:22:51Z,2026-08-06T03:23:44Z,53
2026-08-06T03:28:44Z,2026-08-06T03:29:34Z,50
2026-08-06T03:34:34Z,2026-08-06T03:35:32Z,58
2026-08-06T03:40:32Z,2026-08-06T03:41:27Z,55
2026-08-06T03:46:27Z,2026-08-06T03:47:15Z,48
2026-08-06T03:52:15Z,2026-08-06T03:52:40Z,25
2026-08-06T03:57:40Z,2026-08-06T03:58:06Z,26
2026-08-06T04:03:06Z,2026-08-06T04:03:10Z,4
2026-08-06T04:08:10Z,2026-08-06T04:08:13Z,3
2026-08-06T04:13:13Z,2026-08-06T04:13:17Z,4
2026-08-06T04:18:17Z,2026-08-06T04:18:21Z,4
2026-08-06T04:23:21Z,2026-08-06T04:23:25Z,4
2026-08-06T04:28:25Z,2026-08-06T04:28:29Z,4
2026-08-06T04:33:29Z,2026-08-06T04:33:37Z,8
2026-08-06T04:38:37Z,2026-08-06T04:38:43Z,6
2026-08-06T04:43:43Z,2026-08-06T04:43:47Z,4
2026-08-06T04:48:47Z,2026-08-06T04:48:52Z,5
2026-08-06T04:53:52Z,2026-08-06T04:54:20Z,28
2026-08-06T04:59:20Z,2026-08-06T04:59:48Z,28
2026-08-06T05:04:48Z,2026-08-06T05:05:44Z,56
2026-08-06T05:10:44Z,2026-08-06T05:11:56Z,72
2026-08-06T05:16:56Z,2026-08-06T05:17:49Z,53
2026-08-06T05:22:49Z,2026-08-06T05:24:00Z,71
2026-08-06T05:29:00Z,2026-08-06T05:29:05Z,5
2026-08-06T05:34:05Z,2026-08-06T05:34:23Z,18
2026-08-06T05:39:23Z,2026-08-06T05:39:25Z,2
2026-08-06T05:44:25Z,2026-08-06T05:44:30Z,5
2026-08-06T05:49:30Z,2026-08-06T05:49:33Z,3
2026-08-06T05:54:33Z,2026-08-06T05:54:39Z,6
2026-08-06T05:59:39Z,2026-08-06T05:59:41Z,2
2026-08-06T06:04:41Z,2026-08-06T06:04:43Z,2
2026-08-06T06:09:43Z,2026-08-06T06:09:45Z,2
2026-08-06T06:14:45Z,2026-08-06T06:14:47Z,2
2026-08-06T06:19:47Z,2026-08-06T06:19:49Z,2
2026-08-06T06:24:49Z,2026-08-06T06:24:51Z,2
2026-08-06T06:29:51Z,2026-08-06T06:29:58Z,7
2026-08-06T06:34:58Z,2026-08-06T06:35:01Z,3
2026-08-06T06:40:01Z,2026-08-06T06:40:04Z,3
2026-08-06T06:45:04Z,2026-08-06T06:45:06Z,2
2026-08-06T06:50:06Z,2026-08-06T06:50:08Z,2
2026-08-06T06:55:08Z,2026-08-06T06:55:13Z,5
2026-08-06T07:00:13Z,2026-08-06T07:00:16Z,3
2026-08-06T07:05:16Z,2026-08-06T07:05:18Z,2
2026-08-06T07:10:18Z,2026-08-06T07:10:21Z,3
2026-08-06T07:15:21Z,2026-08-06T07:15:23Z,2
2026-08-06T07:20:23Z,2026-08-06T07:20:27Z,4
2026-08-06T07:25:27Z,2026-08-06T07:25:35Z,8
2026-08-06T07:30:35Z,2026-08-06T07:30:41Z,6
2026-08-06T07:35:41Z,2026-08-06T07:35:52Z,11
2026-08-06T07:40:52Z,2026-08-06T07:40:59Z,7
2026-08-06T07:45:59Z,2026-08-06T07:46:01Z,2
2026-08-06T07:51:01Z,2026-08-06T07:51:04Z,3
2026-08-06T07:56:04Z,2026-08-06T07:56:06Z,2
2026-08-06T08:01:06Z,2026-08-06T08:01:11Z,5
2026-08-06T08:06:11Z,2026-08-06T08:06:14Z,3
2026-08-06T08:11:14Z,2026-08-06T08:11:16Z,2
2026-08-06T08:16:16Z,2026-08-06T08:16:18Z,2
2026-08-06T08:21:18Z,2026-08-06T08:21:20Z,2
2026-08-06T08:26:20Z,2026-08-06T08:26:22Z,2
2026-08-06T08:31:22Z,2026-08-06T08:31:25Z,3
2026-08-06T08:36:25Z,2026-08-06T08:36:27Z,2
2026-08-06T08:41:27Z,2026-08-06T08:41:29Z,2
2026-08-06T08:46:29Z,2026-08-06T08:46:32Z,3
2026-08-06T08:51:32Z,2026-08-06T08:51:37Z,5
2026-08-06T08:56:37Z,2026-08-06T08:56:41Z,4
2026-08-06T09:01:41Z,2026-08-06T09:01:45Z,4
2026-08-06T09:06:45Z,2026-08-06T09:06:47Z,2
2026-08-06T09:11:47Z,2026-08-06T09:11:50Z,3
2026-08-06T09:16:50Z,2026-08-06T09:16:53Z,3
2026-08-06T09:21:53Z,2026-08-06T09:21:55Z,2
2026-08-06T09:26:55Z,2026-08-06T09:26:58Z,3
2026-08-06T09:31:58Z,2026-08-06T09:32:01Z,3
2026-08-06T09:37:01Z,2026-08-06T09:37:07Z,6
2026-08-06T09:42:07Z,2026-08-06T09:42:21Z,14
2026-08-06T09:47:21Z,2026-08-06T09:47:32Z,11
2026-08-06T09:52:32Z,2026-08-06T09:52:50Z,18
2026-08-06T09:57:50Z,2026-08-06T09:58:00Z,10
2026-08-06T10:03:00Z,2026-08-06T10:03:03Z,3
2026-08-06T10:08:03Z,2026-08-06T10:08:10Z,7
2026-08-06T10:13:10Z,2026-08-06T10:13:12Z,2
2026-08-06T10:18:12Z,2026-08-06T10:18:14Z,2
2026-08-06T10:23:14Z,2026-08-06T10:23:17Z,3
2026-08-06T10:28:17Z,2026-08-06T10:28:19Z,2
2026-08-06T10:33:19Z,2026-08-06T10:33:23Z,4
2026-08-06T10:38:23Z,2026-08-06T10:38:27Z,4
2026-08-06T10:43:27Z,2026-08-06T10:43:29Z,2
2026-08-06T10:48:29Z,2026-08-06T10:48:32Z,3
2026-08-06T10:53:32Z,2026-08-06T10:53:35Z,3
2026-08-06T10:58:35Z,2026-08-06T10:58:39Z,4
2026-08-06T11:03:39Z,2026-08-06T11:03:42Z,3
2026-08-06T11:08:42Z,2026-08-06T11:08:45Z,3
2026-08-06T11:13:45Z,2026-08-06T11:13:48Z,3
2026-08-06T11:18:48Z,2026-08-06T11:18:51Z,3
2026-08-06T11:23:51Z,2026-08-06T11:23:53Z,2
2026-08-06T11:28:53Z,2026-08-06T11:28:56Z,3
2026-08-06T11:33:56Z,2026-08-06T11:33:59Z,3
2026-08-06T11:38:59Z,2026-08-06T11:39:02Z,3
2026-08-06T11:44:02Z,2026-08-06T11:44:06Z,4
2026-08-06T11:49:06Z,2026-08-06T11:49:09Z,3
2026-08-06T11:54:09Z,2026-08-06T11:54:12Z,3
2026-08-06T11:59:12Z,2026-08-06T11:59:24Z,12
2026-08-06T12:04:24Z,2026-08-06T12:04:34Z,10
2026-08-06T12:09:34Z,2026-08-06T12:09:43Z,9
2026-08-06T12:14:43Z,2026-08-06T12:14:47Z,4
2026-08-06T12:19:47Z,2026-08-06T12:19:52Z,5
2026-08-06T12:24:52Z,2026-08-06T12:24:56Z,4
2026-08-06T12:29:56Z,2026-08-06T12:30:00Z,4
2026-08-06T12:35:00Z,2026-08-06T12:35:15Z,15
2026-08-06T12:40:15Z,2026-08-06T12:40:35Z,20
2026-08-06T12:45:35Z,2026-08-06T12:45:41Z,6
2026-08-06T12:50:41Z,2026-08-06T12:50:48Z,7
2026-08-06T12:55:48Z,2026-08-06T12:55:54Z,6
2026-08-06T13:00:54Z,2026-08-06T13:01:02Z,8
2026-08-06T13:06:02Z,2026-08-06T13:06:14Z,12
2026-08-06T13:11:14Z,2026-08-06T13:11:20Z,6
2026-08-06T13:16:20Z,2026-08-06T13:16:29Z,9
2026-08-06T13:21:29Z,2026-08-06T13:21:37Z,8
2026-08-06T13:26:37Z,2026-08-06T13:26:40Z,3
2026-08-06T13:31:40Z,2026-08-06T13:31:43Z,3
2026-08-06T13:36:43Z,2026-08-06T13:36:46Z,3
2026-08-06T13:41:46Z,2026-08-06T13:41:48Z,2
2026-08-06T13:46:48Z,2026-08-06T13:46:51Z,3
2026-08-06T13:51:51Z,2026-08-06T13:51:54Z,3
2026-08-06T13:56:54Z,2026-08-06T13:56:57Z,3
2026-08-06T14:01:57Z,2026-08-06T14:02:03Z,6
2026-08-06T14:07:03Z,2026-08-06T14:07:08Z,5
2026-08-06T14:12:08Z,2026-08-06T14:12:12Z,4
2026-08-06T14:17:12Z,2026-08-06T14:17:16Z,4
2026-08-06T14:22:16Z,2026-08-06T14:22:19Z,3
2026-08-06T14:27:19Z,2026-08-06T14:27:27Z,8
2026-08-06T14:32:27Z,2026-08-06T14:32:37Z,10
2026-08-06T14:37:37Z,2026-08-06T14:37:49Z,12
2026-08-06T14:42:49Z,2026-08-06T14:42:56Z,7
2026-08-06T14:47:56Z,2026-08-06T14:47:59Z,3
2026-08-06T14:52:59Z,2026-08-06T14:53:02Z,3
2026-08-06T14:58:02Z,2026-08-06T14:58:06Z,4
2026-08-06T15:03:06Z,2026-08-06T15:03:09Z,3
2026-08-06T15:08:09Z,2026-08-06T15:08:13Z,4
2026-08-06T15:13:13Z,2026-08-06T15:13:17Z,4
2026-08-06T15:18:17Z,2026-08-06T15:18:20Z,3
2026-08-06T15:23:20Z,2026-08-06T15:23:26Z,6
2026-08-06T15:28:26Z,2026-08-06T15:28:35Z,9
2026-08-06T15:33:35Z,2026-08-06T15:33:45Z,10
2026-08-06T15:38:45Z,2026-08-06T15:38:54Z,9
2026-08-06T15:43:54Z,2026-08-06T15:44:01Z,7
2026-08-06T15:49:01Z,2026-08-06T15:49:13Z,12
2026-08-06T15:54:13Z,2026-08-06T15:54:19Z,6
2026-08-06T15:59:19Z,2026-08-06T15:59:37Z,18
2026-08-06T16:04:37Z,2026-08-06T16:05:04Z,27
2026-08-06T16:10:04Z,2026-08-06T16:10:28Z,24
2026-08-06T16:15:28Z,2026-08-06T16:15:53Z,25
2026-08-06T16:20:53Z,2026-08-06T16:21:18Z,25
2026-08-06T16:26:18Z,2026-08-06T16:26:43Z,25
2026-08-06T16:31:43Z,2026-08-06T16:32:08Z,25
2026-08-06T16:37:08Z,2026-08-06T16:37:31Z,23
2026-08-06T16:42:31Z,2026-08-06T16:42:56Z,25
2026-08-06T16:47:56Z,2026-08-06T16:48:22Z,26
2026-08-06T16:53:22Z,2026-08-06T16:53:48Z,26
2026-08-06T16:58:48Z,2026-08-06T16:59:15Z,27
2026-08-06T17:04:15Z,2026-08-06T17:04:42Z,27
2026-08-06T17:09:42Z,2026-08-06T17:10:13Z,31
2026-08-06T17:15:13Z,2026-08-06T17:15:47Z,34
2026-08-06T17:20:47Z,2026-08-06T17:21:18Z,31
2026-08-06T17:26:18Z,2026-08-06T17:26:37Z,19
2026-08-06T17:31:37Z,2026-08-06T17:31:47Z,10
2026-08-06T17:36:47Z,2026-08-06T17:37:00Z,13
2026-08-06T17:42:00Z,2026-08-06T17:42:05Z,5
2026-08-06T17:47:05Z,2026-08-06T17:47:11Z,6
2026-08-06T17:52:11Z,2026-08-06T17:52:16Z,5
2026-08-06T17:57:16Z,2026-08-06T17:57:26Z,10
2026-08-06T18:02:26Z,2026-08-06T18:02:40Z,14
2026-08-06T18:07:40Z,2026-08-06T18:07:54Z,14
2026-08-06T18:12:54Z,2026-08-06T18:13:00Z,6
2026-08-06T18:18:00Z,2026-08-06T18:18:08Z,8
2026-08-06T18:23:08Z,2026-08-06T18:23:28Z,20
2026-08-06T18:28:28Z,2026-08-06T18:28:46Z,18
2026-08-06T18:33:46Z,2026-08-06T18:33:57Z,11
2026-08-06T18:38:57Z,2026-08-06T18:39:00Z,3
2026-08-06T18:44:00Z,2026-08-06T18:44:03Z,3
2026-08-06T18:49:03Z,2026-08-06T18:49:08Z,5
2026-08-06T18:54:08Z,2026-08-06T18:54:12Z,4
2026-08-06T18:59:12Z,2026-08-06T18:59:17Z,5
2026-08-06T19:04:17Z,2026-08-06T19:04:20Z,3
2026-08-06T19:09:20Z,2026-08-06T19:09:23Z,3
2026-08-06T19:14:23Z,2026-08-06T19:14:25Z,2
2026-08-06T19:19:25Z,2026-08-06T19:19:27Z,2
2026-08-06T19:24:27Z,2026-08-06T19:24:30Z,3
2026-08-06T19:29:30Z,2026-08-06T19:29:32Z,2
2026-08-06T19:34:32Z,2026-08-06T19:34:35Z,3
2026-08-06T19:39:35Z,2026-08-06T19:39:38Z,3
2026-08-06T19:44:38Z,2026-08-06T19:44:40Z,2
2026-08-06T19:49:40Z,2026-08-06T19:49:44Z,4
2026-08-06T19:54:44Z,2026-08-06T19:54:47Z,3
2026-08-06T19:59:47Z,2026-08-06T19:59:50Z,3
2026-08-06T20:04:50Z,2026-08-06T20:04:52Z,2
2026-08-06T20:09:52Z,2026-08-06T20:09:55Z,3
2026-08-06T20:14:55Z,2026-08-06T20:14:58Z,3
2026-08-06T20:19:58Z,2026-08-06T20:20:00Z,2
2026-08-06T20:25:00Z,2026-08-06T20:25:07Z,7
2026-08-06T20:30:07Z,2026-08-06T20:30:09Z,2
2026-08-06T20:35:09Z,2026-08-06T20:35:11Z,2
2026-08-06T20:40:11Z,2026-08-06T20:40:13Z,2
2026-08-06T20:45:13Z,2026-08-06T20:45:15Z,2
2026-08-06T20:50:15Z,2026-08-06T20:50:17Z,2
2026-08-06T20:55:17Z,2026-08-06T20:55:19Z,2
2026-08-06T21:00:19Z,2026-08-06T21:00:35Z,16
2026-08-06T21:05:35Z,2026-08-06T21:06:00Z,25
2026-08-06T21:11:00Z,2026-08-06T21:11:11Z,11
2026-08-06T21:16:11Z,2026-08-06T21:16:20Z,9
2026-08-06T21:21:20Z,2026-08-06T21:21:24Z,4
2026-08-06T21:26:24Z,2026-08-06T21:26:29Z,5
2026-08-06T21:31:29Z,2026-08-06T21:31:33Z,4
2026-08-06T21:36:33Z,2026-08-06T21:36:38Z,5
2026-08-06T21:41:38Z,2026-08-06T21:41:43Z,5
2026-08-06T21:46:43Z,2026-08-06T21:46:54Z,11
2026-08-06T21:51:54Z,2026-08-06T21:51:59Z,5
2026-08-06T21:56:59Z,2026-08-06T21:57:03Z,4
2026-08-06T22:02:03Z,2026-08-06T22:02:07Z,4
2026-08-06T22:07:07Z,2026-08-06T22:07:11Z,4
2026-08-06T22:12:11Z,2026-08-06T22:12:15Z,4
2026-08-06T22:17:15Z,2026-08-06T22:17:19Z,4
2026-08-06T22:22:19Z,2026-08-06T22:22:23Z,4
2026-08-06T22:27:23Z,2026-08-06T22:27:32Z,9
2026-08-06T22:32:32Z,2026-08-06T22:32:37Z,5
2026-08-06T22:37:37Z,2026-08-06T22:37:42Z,5
2026-08-06T22:42:42Z,2026-08-06T22:42:47Z,5
2026-08-06T22:47:47Z,2026-08-06T22:47:53Z,6
2026-08-06T22:52:53Z,2026-08-06T22:52:57Z,4
2026-08-06T22:57:57Z,2026-08-06T22:58:07Z,10
2026-08-06T23:03:07Z,2026-08-06T23:03:14Z,7
2026-08-06T23:08:14Z,2026-08-06T23:08:19Z,5
2026-08-06T23:13:19Z,2026-08-06T23:13:21Z,2
2026-08-06T23:18:21Z,2026-08-06T23:18:24Z,3
2026-08-06T23:23:24Z,2026-08-06T23:23:26Z,2
2026-08-06T23:28:26Z,2026-08-06T23:28:28Z,2
2026-08-06T23:33:28Z,2026-08-06T23:33:30Z,2
2026-08-06T23:38:30Z,2026-08-06T23:38:32Z,2
2026-08-06T23:43:32Z,2026-08-06T23:43:55Z,23
2026-08-06T23:48:55Z,2026-08-06T23:49:29Z,34
2026-08-06T23:54:29Z,2026-08-06T23:54:54Z,25
2026-08-06T23:59:54Z,2026-08-07T00:00:00Z,6
2026-08-07T00:05:00Z,2026-08-07T00:05:29Z,29
2026-08-07T00:10:29Z,2026-08-07T00:10:35Z,6
2026-08-07T00:15:35Z,2026-08-07T00:15:58Z,23
2026-08-07T00:20:58Z,2026-08-07T00:21:03Z,5
2026-08-07T00:26:03Z,2026-08-07T00:26:08Z,5
2026-08-07T00:31:08Z,2026-08-07T00:31:31Z,23
2026-08-07T00:36:31Z,2026-08-07T00:36:40Z,9
2026-08-07T00:41:40Z,2026-08-07T00:41:44Z,4
2026-08-07T00:46:44Z,2026-08-07T00:46:50Z,6
2026-08-07T00:51:50Z,2026-08-07T00:52:12Z,22
2026-08-07T00:57:12Z,2026-08-07T00:57:16Z,4
2026-08-07T01:02:16Z,2026-08-07T01:02:21Z,5
2026-08-07T01:07:21Z,2026-08-07T01:07:28Z,7
2026-08-07T01:12:28Z,2026-08-07T01:12:37Z,9
2026-08-07T01:17:37Z,2026-08-07T01:17:42Z,5
2026-08-07T01:22:42Z,2026-08-07T01:23:01Z,19
2026-08-07T01:28:01Z,2026-08-07T01:28:06Z,5
2026-08-07T01:33:06Z,2026-08-07T01:33:12Z,6
2026-08-07T01:38:12Z,2026-08-07T01:38:32Z,20
2026-08-07T01:43:32Z,2026-08-07T01:43:42Z,10
2026-08-07T01:48:42Z,2026-08-07T01:48:49Z,7
2026-08-07T01:53:49Z,2026-08-07T01:54:16Z,27
2026-08-07T01:59:16Z,2026-08-07T01:59:38Z,22
2026-08-07T02:04:38Z,2026-08-07T02:04:48Z,10
2026-08-07T02:09:48Z,2026-08-07T02:09:55Z,7
2026-08-07T02:14:55Z,2026-08-07T02:15:20Z,25
2026-08-07T02:20:20Z,2026-08-07T02:20:24Z,4
2026-08-07T02:25:24Z,2026-08-07T02:25:50Z,26
2026-08-07T02:30:50Z,2026-08-07T02:30:59Z,9
2026-08-07T02:35:59Z,2026-08-07T02:36:06Z,7
2026-08-07T02:41:06Z,2026-08-07T02:41:13Z,7
2026-08-07T02:46:13Z,2026-08-07T02:46:15Z,2
2026-08-07T02:51:15Z,2026-08-07T02:51:18Z,3
2026-08-07T02:56:18Z,2026-08-07T02:56:50Z,32
2026-08-07T03:01:50Z,2026-08-07T03:02:27Z,37
2026-08-07T03:07:27Z,2026-08-07T03:07:53Z,26
2026-08-07T03:12:53Z,2026-08-07T03:12:58Z,5
2026-08-07T03:17:58Z,2026-08-07T03:18:21Z,23
2026-08-07T03:23:21Z,2026-08-07T03:23:31Z,10
2026-08-07T03:28:31Z,2026-08-07T03:28:36Z,5
2026-08-07T03:33:36Z,2026-08-07T03:33:41Z,5
2026-08-07T03:38:41Z,2026-08-07T03:38:46Z,5
2026-08-07T03:43:46Z,2026-08-07T03:43:51Z,5
2026-08-07T03:48:51Z,2026-08-07T03:49:16Z,25
2026-08-07T03:54:16Z,2026-08-07T03:54:29Z,13
2026-08-07T03:59:29Z,2026-08-07T03:59:58Z,29
2026-08-07T04:04:58Z,2026-08-07T04:05:24Z,26
2026-08-07T04:10:24Z,2026-08-07T04:10:38Z,14
2026-08-07T04:15:38Z,2026-08-07T04:15:43Z,5
2026-08-07T04:20:43Z,2026-08-07T04:26:12Z,329
2026-08-07T04:31:12Z,2026-08-07T04:31:32Z,20
2026-08-07T04:36:32Z,2026-08-07T04:36:46Z,14
2026-08-07T04:41:46Z,2026-08-07T04:42:01Z,15
2026-08-07T04:47:01Z,2026-08-07T04:47:16Z,15
2026-08-07T04:52:16Z,2026-08-07T04:52:21Z,5
2026-08-07T04:57:21Z,2026-08-07T04:57:28Z,7
2026-08-07T05:02:28Z,2026-08-07T05:02:41Z,13
2026-08-07T05:07:41Z,2026-08-07T05:07:59Z,18
2026-08-07T05:12:59Z,2026-08-07T05:13:15Z,16
2026-08-07T05:18:15Z,2026-08-07T05:18:25Z,10
2026-08-07T05:23:25Z,2026-08-07T05:23:45Z,20
2026-08-07T05:28:45Z,2026-08-07T05:29:06Z,21
2026-08-07T05:34:06Z,2026-08-07T05:34:29Z,23
2026-08-07T05:39:29Z,2026-08-07T05:39:36Z,7
2026-08-07T05:44:36Z,2026-08-07T05:45:00Z,24
2026-08-07T05:50:00Z,2026-08-07T05:50:32Z,32
2026-08-07T05:55:32Z,2026-08-07T05:55:54Z,22
2026-08-07T06:00:54Z,2026-08-07T06:01:18Z,24
2026-08-07T06:06:18Z,2026-08-07T06:06:50Z,32
2026-08-07T06:11:50Z,2026-08-07T06:12:00Z,10
2026-08-07T06:17:00Z,2026-08-07T06:17:23Z,23
2026-08-07T06:22:23Z,2026-08-07T06:22:46Z,23
2026-08-07T06:27:46Z,2026-08-07T07:11:26Z,2620
2026-08-07T07:16:26Z,2026-08-07T07:16:47Z,21
2026-08-07T07:21:47Z,2026-08-07T07:22:10Z,23
2026-08-07T07:27:10Z,2026-08-07T07:27:22Z,12
2026-08-07T07:32:22Z,2026-08-07T07:33:04Z,42
2026-08-07T07:38:04Z,2026-08-07T07:38:43Z,39
2026-08-07T07:43:43Z,2026-08-07T07:44:26Z,43
2026-08-07T07:49:26Z,2026-08-07T07:50:07Z,41
2026-08-07T07:55:07Z,2026-08-07T07:55:56Z,49
2026-08-07T08:00:56Z,2026-08-07T08:01:37Z,41
2026-08-07T08:06:37Z,2026-08-07T08:07:23Z,46
2026-08-07T08:12:23Z,2026-08-07T08:13:06Z,43
2026-08-07T08:18:06Z,2026-08-07T08:18:52Z,46
2026-08-07T08:23:52Z,2026-08-07T08:25:14Z,82
2026-08-07T08:30:14Z,2026-08-07T08:30:35Z,21
2026-08-07T08:35:35Z,2026-08-07T08:35:53Z,18
2026-08-07T08:40:53Z,2026-08-07T08:41:22Z,29
2026-08-07T08:46:22Z,2026-08-07T08:46:42Z,20
2026-08-07T08:51:42Z,2026-08-07T08:52:01Z,19
2026-08-07T08:57:01Z,2026-08-07T08:57:22Z,21
2026-08-07T09:02:22Z,2026-08-07T09:02:37Z,15
2026-08-07T09:07:37Z,2026-08-07T09:07:48Z,11
2026-08-07T09:12:48Z,2026-08-07T09:12:56Z,8
2026-08-07T09:17:56Z,2026-08-07T09:17:59Z,3
2026-08-07T09:22:59Z,2026-08-07T09:23:02Z,3
2026-08-07T09:28:02Z,2026-08-07T09:28:05Z,3
2026-08-07T09:33:05Z,2026-08-07T09:33:08Z,3
2026-08-07T09:38:08Z,2026-08-07T09:38:11Z,3
2026-08-07T09:43:11Z,2026-08-07T09:43:14Z,3
2026-08-07T09:48:14Z,2026-08-07T09:48:18Z,4
2026-08-07T09:53:18Z,2026-08-07T09:53:23Z,5
2026-08-07T09:58:23Z,2026-08-07T09:58:45Z,22
2026-08-07T10:03:45Z,2026-08-07T10:03:58Z,13
2026-08-07T10:08:58Z,2026-08-07T10:09:04Z,6
2026-08-07T10:14:04Z,2026-08-07T10:14:06Z,2
2026-08-07T10:19:06Z,2026-08-07T10:19:09Z,3
2026-08-07T10:24:09Z,2026-08-07T10:24:16Z,7
2026-08-07T10:29:16Z,2026-08-07T10:29:20Z,4
2026-08-07T10:34:20Z,2026-08-07T10:34:22Z,2
2026-08-07T10:39:22Z,2026-08-07T10:39:26Z,4
2026-08-07T10:44:26Z,2026-08-07T10:44:30Z,4
2026-08-07T10:49:30Z,2026-08-07T10:49:37Z,7
2026-08-07T10:54:37Z,2026-08-07T10:54:41Z,4
2026-08-07T10:59:41Z,2026-08-07T10:59:46Z,5
2026-08-07T11:04:46Z,2026-08-07T11:04:49Z,3
2026-08-07T11:09:49Z,2026-08-07T11:09:52Z,3
2026-08-07T11:14:52Z,2026-08-07T11:14:55Z,3
2026-08-07T11:19:55Z,2026-08-07T11:19:57Z,2
2026-08-07T11:24:57Z,2026-08-07T11:25:01Z,4
2026-08-07T11:30:01Z,2026-08-07T11:30:08Z,7
2026-08-07T11:35:08Z,2026-08-07T11:35:12Z,4
2026-08-07T11:40:12Z,2026-08-07T11:40:14Z,2
2026-08-07T11:45:14Z,2026-08-07T11:45:17Z,3
2026-08-07T11:50:17Z,2026-08-07T11:50:19Z,2
2026-08-07T11:55:19Z,2026-08-07T11:55:22Z,3
2026-08-07T12:00:22Z,2026-08-07T12:00:25Z,3
2026-08-07T12:05:25Z,2026-08-07T12:05:28Z,3
2026-08-07T12:10:28Z,2026-08-07T12:10:30Z,2
2026-08-07T12:15:30Z,,
